selected_generators,num_search_qubits,dimension,seed,train_sample_count,backend,shots,measurement_policy,max_candidates_per_shotbatch,oracle_mode,learner,refit_policy,training_contains_hidden_optimum,initial_matches_hidden_optimum,found_hidden_exact_optimum,success_within_1_percent,success_within_3_percent,success_within_5_percent,random_exact_success_probability,random_success_within_3_percent_probability,algorithmic_ed_lp_calls,search_verification_calls,hidden_reference_ed_lp_calls,circuit_executions,total_shots,verified_candidates,max_qubits,max_transpiled_depth,learner_fallback,train_pairwise_order_accuracy,train_best_rank,train_best_bitstring,train_best_true_cost,num_pairs,num_pairwise_violations,pairwise_hinge_loss,surrogate_piece_count,surrogate_max_weight,surrogate_total_weight,refit_count,observed_sample_count,observed_indices,status,error_type,error
"[0, 5]",4,16,0,4,qasm,2000,shot_batch,3,learned,mismatch,none,False,False,True,True,True,True,0.75,0.75,16,12,16,13,26000,39,18,345,,0.6666666666666666,1,1101,30948.208892,6,2,3.0,2,3,7,0,4,"[5, 8, 9, 11]",ok,,
"[0, 5]",4,16,0,4,qasm,2000,shot_batch,3,learned,mismatch,accepted,False,False,True,True,True,True,0.625,0.625,14,10,16,13,26000,39,18,69,,0.6666666666666666,1,1101,30948.208892,6,2,3.0,2,3,7,1,5,"[3, 5, 8, 9, 11]",ok,,
"[0, 5]",4,16,0,4,qasm,2000,shot_batch,3,learned,pairwise_ranking,none,False,False,True,True,True,True,0.75,0.75,16,12,16,13,26000,39,22,337,,0.6666666666666666,1,1101,30948.208892,6,2,4.0,2,3,10,0,4,"[5, 8, 9, 11]",ok,,
"[0, 5]",4,16,0,4,qasm,2000,shot_batch,3,learned,pairwise_ranking,accepted,False,False,True,True,True,True,0.75,0.75,16,12,16,13,26000,39,22,336,,0.6666666666666666,1,1101,30948.208892,6,2,4.0,2,3,10,1,5,"[3, 5, 8, 9, 11]",ok,,
"[0, 5]",4,16,0,4,qasm,2000,shot_batch,3,learned,rank_hinge,none,False,False,True,True,True,True,0.6875,0.6875,15,11,16,13,26000,39,11,41,,0.8333333333333334,1,1101,30948.208892,6,1,1.0,2,2,3,0,4,"[5, 8, 9, 11]",ok,,
"[0, 5]",4,16,0,4,qasm,2000,shot_batch,3,learned,rank_hinge,accepted,False,False,True,True,True,True,0.6875,0.6875,15,11,16,13,26000,39,18,345,,0.8333333333333334,1,1101,30948.208892,6,1,1.0,2,2,3,1,5,"[3, 5, 8, 9, 11]",ok,,
"[0, 5]",4,16,1,4,qasm,2000,shot_batch,3,learned,mismatch,none,False,False,True,True,True,True,0.6875,0.6875,15,11,16,14,28000,42,14,120,,0.5,1,1110,30853.5596684,6,3,3.0,2,1,4,0,4,"[6, 7, 11, 15]",ok,,
"[0, 5]",4,16,1,4,qasm,2000,shot_batch,3,learned,mismatch,accepted,False,False,True,True,True,True,0.6875,0.6875,15,11,16,14,28000,42,18,90,,0.5,1,1110,30853.5596684,6,3,3.0,2,1,4,2,6,"[0, 3, 6, 7, 11, 15]",ok,,
"[0, 5]",4,16,1,4,qasm,2000,shot_batch,3,learned,pairwise_ranking,none,False,False,True,True,True,True,0.625,0.625,14,10,16,14,28000,42,18,496,,0.5,1,1110,30853.5596684,6,3,3.0,2,2,7,0,4,"[6, 7, 11, 15]",ok,,
"[0, 5]",4,16,1,4,qasm,2000,shot_batch,3,learned,pairwise_ranking,accepted,False,False,True,True,True,True,0.6875,0.6875,15,11,16,14,28000,42,22,522,,0.5,1,1110,30853.5596684,6,3,3.0,2,2,7,2,6,"[0, 3, 6, 7, 11, 15]",ok,,
"[0, 5]",4,16,1,4,qasm,2000,shot_batch,3,learned,rank_hinge,none,False,False,True,True,True,True,0.75,0.75,16,12,16,14,28000,42,8,50,,0.5,1,1110,30853.5596684,6,3,3.0,2,1,2,0,4,"[6, 7, 11, 15]",ok,,
"[0, 5]",4,16,1,4,qasm,2000,shot_batch,3,learned,rank_hinge,accepted,False,False,True,True,True,True,0.3125,0.3125,9,5,16,2,4000,6,11,2,,0.5,1,1110,30853.5596684,6,3,3.0,2,1,2,2,6,"[0, 3, 6, 7, 11, 15]",ok,,
"[0, 5]",4,16,2,4,qasm,2000,shot_batch,3,learned,mismatch,none,False,False,True,True,True,True,0.625,0.625,14,10,16,13,26000,39,18,336,,0.8333333333333334,1,1000,27956.61606872647,6,1,1.0,2,2,6,0,4,"[1, 4, 5, 11]",ok,,
"[0, 5]",4,16,2,4,qasm,2000,shot_batch,3,learned,mismatch,accepted,False,False,True,True,True,True,0.625,0.625,14,10,16,13,26000,39,18,336,,0.8333333333333334,1,1000,27956.61606872647,6,1,1.0,2,2,6,1,5,"[1, 3, 4, 5, 11]",ok,,
"[0, 5]",4,16,2,4,qasm,2000,shot_batch,3,learned,pairwise_ranking,none,False,False,True,True,True,True,0.6875,0.6875,15,11,16,13,26000,39,22,337,,0.8333333333333334,1,1000,27956.61606872647,6,1,2.0,2,3,10,0,4,"[1, 4, 5, 11]",ok,,
"[0, 5]",4,16,2,4,qasm,2000,shot_batch,3,learned,pairwise_ranking,accepted,False,False,True,True,True,True,0.6875,0.6875,15,11,16,13,26000,39,25,664,,0.8333333333333334,1,1000,27956.61606872647,6,1,2.0,2,3,10,1,5,"[1, 3, 4, 5, 11]",ok,,
"[0, 5]",4,16,2,4,qasm,2000,shot_batch,3,learned,rank_hinge,none,False,False,True,True,True,True,0.625,0.625,14,10,16,13,26000,39,11,57,,1.0,1,1000,27956.61606872647,6,0,0.0,2,2,4,0,4,"[1, 4, 5, 11]",ok,,
"[0, 5]",4,16,2,4,qasm,2000,shot_batch,3,learned,rank_hinge,accepted,False,False,True,True,True,True,0.625,0.625,14,10,16,13,26000,39,18,349,,1.0,1,1000,27956.61606872647,6,0,0.0,2,2,4,1,5,"[1, 3, 4, 5, 11]",ok,,
"[0, 5]",4,16,3,4,qasm,2000,shot_batch,3,learned,mismatch,none,False,False,True,True,True,True,0.75,0.75,16,12,16,17,34000,51,18,336,,1.0,1,1000,27956.61606872647,6,0,0.0,2,2,7,0,4,"[1, 2, 4, 10]",ok,,
"[0, 5]",4,16,3,4,qasm,2000,shot_batch,3,learned,mismatch,accepted,False,False,True,True,True,True,0.75,0.75,16,12,16,17,34000,51,18,336,,1.0,1,1000,27956.61606872647,6,0,0.0,2,2,7,3,5,"[1, 2, 3, 4, 10]",ok,,
"[0, 5]",4,16,3,4,qasm,2000,shot_batch,3,learned,pairwise_ranking,none,False,False,True,True,True,True,0.75,0.75,16,12,16,17,34000,51,18,349,,0.8333333333333334,1,1000,27956.61606872647,6,1,1.0,2,3,9,0,4,"[1, 2, 4, 10]",ok,,
"[0, 5]",4,16,3,4,qasm,2000,shot_batch,3,learned,pairwise_ranking,accepted,False,False,True,True,True,True,0.75,0.75,16,12,16,17,34000,51,25,664,,0.8333333333333334,1,1000,27956.61606872647,6,1,1.0,2,3,9,3,5,"[1, 2, 3, 4, 10]",ok,,
"[0, 5]",4,16,3,4,qasm,2000,shot_batch,3,learned,rank_hinge,none,False,False,True,True,True,True,0.6875,0.6875,15,11,16,17,34000,51,15,497,,1.0,1,1000,27956.61606872647,6,0,0.0,2,2,4,0,4,"[1, 2, 4, 10]",ok,,
"[0, 5]",4,16,3,4,qasm,2000,shot_batch,3,learned,rank_hinge,accepted,False,False,True,True,True,True,0.75,0.75,16,12,16,17,34000,51,15,492,,1.0,1,1000,27956.61606872647,6,0,0.0,2,2,4,3,5,"[1, 2, 3, 4, 10]",ok,,
"[0, 5]",4,16,4,4,qasm,2000,shot_batch,3,learned,mismatch,none,False,False,True,True,True,True,0.5625,0.5625,13,9,16,16,32000,48,14,87,,1.0,1,1001,33519.4152604,6,0,0.0,2,2,6,0,4,"[8, 9, 13, 14]",ok,,
"[0, 5]",4,16,4,4,qasm,2000,shot_batch,3,learned,mismatch,accepted,False,False,True,True,True,True,0.6875,0.6875,15,11,16,16,32000,48,18,522,,1.0,1,1001,33519.4152604,6,0,0.0,2,2,6,1,5,"[3, 8, 9, 13, 14]",ok,,
"[0, 5]",4,16,4,4,qasm,2000,shot_batch,3,learned,pairwise_ranking,none,False,False,True,True,True,True,0.5625,0.5625,13,9,16,16,32000,48,22,493,,1.0,1,1001,33519.4152604,6,0,0.0,2,3,9,0,4,"[8, 9, 13, 14]",ok,,
"[0, 5]",4,16,4,4,qasm,2000,shot_batch,3,learned,pairwise_ranking,accepted,False,False,True,True,True,True,0.6875,0.6875,15,11,16,16,32000,48,22,516,,1.0,1,1001,33519.4152604,6,0,0.0,2,3,9,1,5,"[3, 8, 9, 13, 14]",ok,,
"[0, 5]",4,16,4,4,qasm,2000,shot_batch,3,learned,rank_hinge,none,False,False,True,True,True,True,0.6875,0.6875,15,11,16,22,44000,66,11,84,,1.0,1,1001,33519.4152604,6,0,0.0,2,2,3,0,4,"[8, 9, 13, 14]",ok,,
"[0, 5]",4,16,4,4,qasm,2000,shot_batch,3,learned,rank_hinge,accepted,False,False,True,True,True,True,0.6875,0.6875,15,11,16,22,44000,66,15,344,,1.0,1,1001,33519.4152604,6,0,0.0,2,2,3,1,5,"[3, 8, 9, 13, 14]",ok,,
"[0, 5]",4,16,0,8,qasm,2000,shot_batch,3,learned,mismatch,none,False,False,True,True,True,True,0.375,0.375,14,6,16,13,26000,39,14,57,,0.75,1,1000,27956.61606872647,28,7,7.0,2,2,6,0,8,"[0, 1, 2, 4, 6, 7, 10, 15]",ok,,
"[0, 5]",4,16,0,8,qasm,2000,shot_batch,3,learned,mismatch,accepted,False,False,True,True,True,True,0.375,0.375,14,6,16,13,26000,39,14,61,,0.75,1,1000,27956.61606872647,28,7,7.0,2,2,6,1,9,"[0, 1, 2, 3, 4, 6, 7, 10, 15]",ok,,
"[0, 5]",4,16,0,8,qasm,2000,shot_batch,3,learned,pairwise_ranking,none,False,False,True,True,True,True,0.5,0.5,16,8,16,13,26000,39,22,341,,0.8571428571428571,1,1000,27956.61606872647,28,4,6.0,2,4,11,0,8,"[0, 1, 2, 4, 6, 7, 10, 15]",ok,,
"[0, 5]",4,16,0,8,qasm,2000,shot_batch,3,learned,pairwise_ranking,accepted,False,False,True,True,True,True,0.5,0.5,16,8,16,13,26000,39,22,340,,0.8571428571428571,1,1000,27956.61606872647,28,4,6.0,2,4,11,1,9,"[0, 1, 2, 3, 4, 6, 7, 10, 15]",ok,,
"[0, 5]",4,16,0,8,qasm,2000,shot_batch,3,learned,rank_hinge,none,False,False,True,True,True,True,0.4375,0.4375,15,7,16,13,26000,39,18,490,,0.8571428571428571,1,1000,27956.61606872647,28,4,4.0,2,2,7,0,8,"[0, 1, 2, 4, 6, 7, 10, 15]",ok,,
"[0, 5]",4,16,0,8,qasm,2000,shot_batch,3,learned,rank_hinge,accepted,False,False,True,True,True,True,0.5,0.5,16,8,16,13,26000,39,18,369,,0.8571428571428571,1,1000,27956.61606872647,28,4,4.0,2,2,7,1,9,"[0, 1, 2, 3, 4, 6, 7, 10, 15]",ok,,
"[0, 5]",4,16,1,8,qasm,2000,shot_batch,3,learned,mismatch,none,False,False,True,True,True,True,0.5,0.5,16,8,16,14,28000,42,14,84,,0.6428571428571429,1,1000,27956.61606872647,28,10,13.0,2,2,6,0,8,"[0, 1, 4, 5, 8, 11, 12, 15]",ok,,
"[0, 5]",4,16,1,8,qasm,2000,shot_batch,3,learned,mismatch,accepted,False,False,True,True,True,True,0.5,0.5,16,8,16,14,28000,42,14,90,,0.6428571428571429,1,1000,27956.61606872647,28,10,13.0,2,2,6,2,9,"[0, 1, 3, 4, 5, 8, 11, 12, 15]",ok,,
"[0, 5]",4,16,1,8,qasm,2000,shot_batch,3,learned,pairwise_ranking,none,False,False,True,True,True,True,0.375,0.375,14,6,16,14,28000,42,22,502,,0.6428571428571429,1,1000,27956.61606872647,28,10,16.0,2,4,12,0,8,"[0, 1, 4, 5, 8, 11, 12, 15]",ok,,
"[0, 5]",4,16,1,8,qasm,2000,shot_batch,3,learned,pairwise_ranking,accepted,False,False,True,True,True,True,0.4375,0.4375,15,7,16,14,28000,42,25,1002,,0.6428571428571429,1,1000,27956.61606872647,28,10,16.0,2,4,12,2,9,"[0, 1, 3, 4, 5, 8, 11, 12, 15]",ok,,
"[0, 5]",4,16,1,8,qasm,2000,shot_batch,3,learned,rank_hinge,none,False,False,True,True,True,True,0.25,0.25,12,4,16,2,4000,6,25,2,,0.8571428571428571,1,1000,27956.61606872647,28,4,7.0,2,4,13,0,8,"[0, 1, 4, 5, 8, 11, 12, 15]",ok,,
"[0, 5]",4,16,1,8,qasm,2000,shot_batch,3,learned,rank_hinge,accepted,False,False,True,True,True,True,0.4375,0.4375,15,7,16,14,28000,42,25,1626,,0.8571428571428571,1,1000,27956.61606872647,28,4,7.0,2,4,13,2,9,"[0, 1, 3, 4, 5, 8, 11, 12, 15]",ok,,
"[0, 5]",4,16,2,8,qasm,2000,shot_batch,3,learned,mismatch,none,False,False,True,True,True,True,0.4375,0.4375,15,7,16,13,26000,39,14,57,,0.7142857142857143,1,1000,27956.61606872647,28,8,9.0,2,2,6,0,8,"[1, 2, 4, 5, 7, 11, 14, 15]",ok,,
"[0, 5]",4,16,2,8,qasm,2000,shot_batch,3,learned,mismatch,accepted,False,False,True,True,True,True,0.4375,0.4375,15,7,16,13,26000,39,14,61,,0.7142857142857143,1,1000,27956.61606872647,28,8,9.0,2,2,6,1,9,"[1, 2, 3, 4, 5, 7, 11, 14, 15]",ok,,
"[0, 5]",4,16,2,8,qasm,2000,shot_batch,3,learned,pairwise_ranking,none,False,False,True,True,True,True,0.5,0.5,16,8,16,13,26000,39,22,336,,0.7142857142857143,1,1000,27956.61606872647,28,8,10.0,2,4,12,0,8,"[1, 2, 4, 5, 7, 11, 14, 15]",ok,,
"[0, 5]",4,16,2,8,qasm,2000,shot_batch,3,learned,pairwise_ranking,accepted,False,False,True,True,True,True,0.5,0.5,16,8,16,13,26000,39,25,669,,0.7142857142857143,1,1000,27956.61606872647,28,8,10.0,2,4,12,1,9,"[1, 2, 3, 4, 5, 7, 11, 14, 15]",ok,,
"[0, 5]",4,16,2,8,qasm,2000,shot_batch,3,learned,rank_hinge,none,False,False,True,True,True,True,0.5,0.5,16,8,16,13,26000,39,22,637,,0.8571428571428571,1,1000,27956.61606872647,28,4,5.0,2,3,9,0,8,"[1, 2, 4, 5, 7, 11, 14, 15]",ok,,
"[0, 5]",4,16,2,8,qasm,2000,shot_batch,3,learned,rank_hinge,accepted,False,False,True,True,True,True,0.4375,0.4375,15,7,16,13,26000,39,22,493,,0.8571428571428571,1,1000,27956.61606872647,28,4,5.0,2,3,9,1,9,"[1, 2, 3, 4, 5, 7, 11, 14, 15]",ok,,
"[0, 5]",4,16,3,8,qasm,2000,shot_batch,3,learned,mismatch,none,False,False,True,True,True,True,0.5,0.5,16,8,16,28,56000,84,14,84,,0.75,1,1000,27956.61606872647,28,7,9.0,2,2,6,0,8,"[0, 1, 2, 7, 9, 11, 12, 13]",ok,,
"[0, 5]",4,16,3,8,qasm,2000,shot_batch,3,learned,mismatch,accepted,False,False,True,True,True,True,0.5,0.5,16,8,16,28,56000,84,18,502,,0.75,1,1000,27956.61606872647,28,7,9.0,2,2,6,2,9,"[0, 1, 2, 3, 7, 9, 11, 12, 13]",ok,,
"[0, 5]",4,16,3,8,qasm,2000,shot_batch,3,learned,pairwise_ranking,none,False,False,False,False,False,False,0.375,0.375,14,6,16,12,24000,36,22,345,,0.75,1,1000,27956.61606872647,28,7,14.0,2,5,12,0,8,"[0, 1, 2, 7, 9, 11, 12, 13]",ok,,
"[0, 5]",4,16,3,8,qasm,2000,shot_batch,3,learned,pairwise_ranking,accepted,False,False,False,False,False,False,0.375,0.375,14,6,16,12,24000,36,22,345,,0.75,1,1000,27956.61606872647,28,7,14.0,2,5,12,0,8,"[0, 1, 2, 7, 9, 11, 12, 13]",ok,,
"[0, 5]",4,16,3,8,qasm,2000,shot_batch,3,learned,rank_hinge,none,False,False,True,True,True,True,0.4375,0.4375,15,7,16,22,44000,66,18,369,,0.8928571428571429,1,1000,27956.61606872647,28,3,3.0,2,3,7,0,8,"[0, 1, 2, 7, 9, 11, 12, 13]",ok,,
"[0, 5]",4,16,3,8,qasm,2000,shot_batch,3,learned,rank_hinge,accepted,False,False,True,True,True,True,0.4375,0.4375,15,7,16,22,44000,66,18,369,,0.8928571428571429,1,1000,27956.61606872647,28,3,3.0,2,3,7,2,9,"[0, 1, 2, 3, 7, 9, 11, 12, 13]",ok,,
"[0, 5]",4,16,4,8,qasm,2000,shot_batch,3,learned,mismatch,none,False,False,True,True,True,True,0.5,0.5,16,8,16,22,44000,66,14,84,,0.4642857142857143,1,1000,27956.61606872647,28,15,19.0,2,2,6,0,8,"[1, 6, 9, 10, 11, 12, 13, 14]",ok,,
"[0, 5]",4,16,4,8,qasm,2000,shot_batch,3,learned,mismatch,accepted,False,False,True,True,True,True,0.5,0.5,16,8,16,22,44000,66,18,502,,0.4642857142857143,1,1000,27956.61606872647,28,15,19.0,2,2,6,2,9,"[1, 3, 6, 9, 10, 11, 12, 13, 14]",ok,,
"[0, 5]",4,16,4,8,qasm,2000,shot_batch,3,learned,pairwise_ranking,none,False,False,True,True,True,True,0.5,0.5,16,8,16,15,30000,45,25,994,,0.6428571428571429,1,1000,27956.61606872647,28,10,20.0,2,4,13,0,8,"[1, 6, 9, 10, 11, 12, 13, 14]",ok,,
"[0, 5]",4,16,4,8,qasm,2000,shot_batch,3,learned,pairwise_ranking,accepted,False,False,True,True,True,True,0.5,0.5,16,8,16,15,30000,45,25,1002,,0.6428571428571429,1,1000,27956.61606872647,28,10,20.0,2,4,13,2,9,"[1, 3, 6, 9, 10, 11, 12, 13, 14]",ok,,
"[0, 5]",4,16,4,8,qasm,2000,shot_batch,3,learned,rank_hinge,none,False,False,True,True,True,True,0.5,0.5,16,8,16,23,46000,69,15,493,,0.8928571428571429,1,1000,27956.61606872647,28,3,3.0,2,2,5,0,8,"[1, 6, 9, 10, 11, 12, 13, 14]",ok,,
"[0, 5]",4,16,4,8,qasm,2000,shot_batch,3,learned,rank_hinge,accepted,False,False,True,True,True,True,0.5,0.5,16,8,16,23,46000,69,25,1093,,0.8928571428571429,1,1000,27956.61606872647,28,3,3.0,2,2,5,2,9,"[1, 3, 6, 9, 10, 11, 12, 13, 14]",ok,,
"[0, 5]",4,16,0,16,qasm,2000,shot_batch,3,learned,mismatch,none,,,,,,,,,,,,,,,,,,,,,,,,,,,,,,,skipped_invalid_config,invalid_config,4q configs use train_sample_count 4 or 8
"[0, 5]",4,16,0,16,qasm,2000,shot_batch,3,learned,mismatch,accepted,,,,,,,,,,,,,,,,,,,,,,,,,,,,,,,skipped_invalid_config,invalid_config,4q configs use train_sample_count 4 or 8
"[0, 5]",4,16,0,16,qasm,2000,shot_batch,3,learned,pairwise_ranking,none,,,,,,,,,,,,,,,,,,,,,,,,,,,,,,,skipped_invalid_config,invalid_config,4q configs use train_sample_count 4 or 8
"[0, 5]",4,16,0,16,qasm,2000,shot_batch,3,learned,pairwise_ranking,accepted,,,,,,,,,,,,,,,,,,,,,,,,,,,,,,,skipped_invalid_config,invalid_config,4q configs use train_sample_count 4 or 8
"[0, 5]",4,16,0,16,qasm,2000,shot_batch,3,learned,rank_hinge,none,,,,,,,,,,,,,,,,,,,,,,,,,,,,,,,skipped_invalid_config,invalid_config,4q configs use train_sample_count 4 or 8
"[0, 5]",4,16,0,16,qasm,2000,shot_batch,3,learned,rank_hinge,accepted,,,,,,,,,,,,,,,,,,,,,,,,,,,,,,,skipped_invalid_config,invalid_config,4q configs use train_sample_count 4 or 8
"[0, 5]",4,16,1,16,qasm,2000,shot_batch,3,learned,mismatch,none,,,,,,,,,,,,,,,,,,,,,,,,,,,,,,,skipped_invalid_config,invalid_config,4q configs use train_sample_count 4 or 8
"[0, 5]",4,16,1,16,qasm,2000,shot_batch,3,learned,mismatch,accepted,,,,,,,,,,,,,,,,,,,,,,,,,,,,,,,skipped_invalid_config,invalid_config,4q configs use train_sample_count 4 or 8
"[0, 5]",4,16,1,16,qasm,2000,shot_batch,3,learned,pairwise_ranking,none,,,,,,,,,,,,,,,,,,,,,,,,,,,,,,,skipped_invalid_config,invalid_config,4q configs use train_sample_count 4 or 8
"[0, 5]",4,16,1,16,qasm,2000,shot_batch,3,learned,pairwise_ranking,accepted,,,,,,,,,,,,,,,,,,,,,,,,,,,,,,,skipped_invalid_config,invalid_config,4q configs use train_sample_count 4 or 8
"[0, 5]",4,16,1,16,qasm,2000,shot_batch,3,learned,rank_hinge,none,,,,,,,,,,,,,,,,,,,,,,,,,,,,,,,skipped_invalid_config,invalid_config,4q configs use train_sample_count 4 or 8
"[0, 5]",4,16,1,16,qasm,2000,shot_batch,3,learned,rank_hinge,accepted,,,,,,,,,,,,,,,,,,,,,,,,,,,,,,,skipped_invalid_config,invalid_config,4q configs use train_sample_count 4 or 8
"[0, 5]",4,16,2,16,qasm,2000,shot_batch,3,learned,mismatch,none,,,,,,,,,,,,,,,,,,,,,,,,,,,,,,,skipped_invalid_config,invalid_config,4q configs use train_sample_count 4 or 8
"[0, 5]",4,16,2,16,qasm,2000,shot_batch,3,learned,mismatch,accepted,,,,,,,,,,,,,,,,,,,,,,,,,,,,,,,skipped_invalid_config,invalid_config,4q configs use train_sample_count 4 or 8
"[0, 5]",4,16,2,16,qasm,2000,shot_batch,3,learned,pairwise_ranking,none,,,,,,,,,,,,,,,,,,,,,,,,,,,,,,,skipped_invalid_config,invalid_config,4q configs use train_sample_count 4 or 8
"[0, 5]",4,16,2,16,qasm,2000,shot_batch,3,learned,pairwise_ranking,accepted,,,,,,,,,,,,,,,,,,,,,,,,,,,,,,,skipped_invalid_config,invalid_config,4q configs use train_sample_count 4 or 8
"[0, 5]",4,16,2,16,qasm,2000,shot_batch,3,learned,rank_hinge,none,,,,,,,,,,,,,,,,,,,,,,,,,,,,,,,skipped_invalid_config,invalid_config,4q configs use train_sample_count 4 or 8
"[0, 5]",4,16,2,16,qasm,2000,shot_batch,3,learned,rank_hinge,accepted,,,,,,,,,,,,,,,,,,,,,,,,,,,,,,,skipped_invalid_config,invalid_config,4q configs use train_sample_count 4 or 8
"[0, 5]",4,16,3,16,qasm,2000,shot_batch,3,learned,mismatch,none,,,,,,,,,,,,,,,,,,,,,,,,,,,,,,,skipped_invalid_config,invalid_config,4q configs use train_sample_count 4 or 8
"[0, 5]",4,16,3,16,qasm,2000,shot_batch,3,learned,mismatch,accepted,,,,,,,,,,,,,,,,,,,,,,,,,,,,,,,skipped_invalid_config,invalid_config,4q configs use train_sample_count 4 or 8
"[0, 5]",4,16,3,16,qasm,2000,shot_batch,3,learned,pairwise_ranking,none,,,,,,,,,,,,,,,,,,,,,,,,,,,,,,,skipped_invalid_config,invalid_config,4q configs use train_sample_count 4 or 8
"[0, 5]",4,16,3,16,qasm,2000,shot_batch,3,learned,pairwise_ranking,accepted,,,,,,,,,,,,,,,,,,,,,,,,,,,,,,,skipped_invalid_config,invalid_config,4q configs use train_sample_count 4 or 8
"[0, 5]",4,16,3,16,qasm,2000,shot_batch,3,learned,rank_hinge,none,,,,,,,,,,,,,,,,,,,,,,,,,,,,,,,skipped_invalid_config,invalid_config,4q configs use train_sample_count 4 or 8
"[0, 5]",4,16,3,16,qasm,2000,shot_batch,3,learned,rank_hinge,accepted,,,,,,,,,,,,,,,,,,,,,,,,,,,,,,,skipped_invalid_config,invalid_config,4q configs use train_sample_count 4 or 8
"[0, 5]",4,16,4,16,qasm,2000,shot_batch,3,learned,mismatch,none,,,,,,,,,,,,,,,,,,,,,,,,,,,,,,,skipped_invalid_config,invalid_config,4q configs use train_sample_count 4 or 8
"[0, 5]",4,16,4,16,qasm,2000,shot_batch,3,learned,mismatch,accepted,,,,,,,,,,,,,,,,,,,,,,,,,,,,,,,skipped_invalid_config,invalid_config,4q configs use train_sample_count 4 or 8
"[0, 5]",4,16,4,16,qasm,2000,shot_batch,3,learned,pairwise_ranking,none,,,,,,,,,,,,,,,,,,,,,,,,,,,,,,,skipped_invalid_config,invalid_config,4q configs use train_sample_count 4 or 8
"[0, 5]",4,16,4,16,qasm,2000,shot_batch,3,learned,pairwise_ranking,accepted,,,,,,,,,,,,,,,,,,,,,,,,,,,,,,,skipped_invalid_config,invalid_config,4q configs use train_sample_count 4 or 8
"[0, 5]",4,16,4,16,qasm,2000,shot_batch,3,learned,rank_hinge,none,,,,,,,,,,,,,,,,,,,,,,,,,,,,,,,skipped_invalid_config,invalid_config,4q configs use train_sample_count 4 or 8
"[0, 5]",4,16,4,16,qasm,2000,shot_batch,3,learned,rank_hinge,accepted,,,,,,,,,,,,,,,,,,,,,,,,,,,,,,,skipped_invalid_config,invalid_config,4q configs use train_sample_count 4 or 8
"[2, 5]",4,16,0,4,qasm,2000,shot_batch,3,learned,mismatch,none,False,False,True,True,True,True,0.625,0.625,14,10,16,14,28000,42,18,499,,0.8333333333333334,1,0001,29392.73726635294,6,1,1.0,2,3,8,0,4,"[5, 8, 9, 11]",ok,,
"[2, 5]",4,16,0,4,qasm,2000,shot_batch,3,learned,mismatch,accepted,False,False,True,True,True,True,0.6875,0.6875,15,11,16,14,28000,42,18,84,,0.8333333333333334,1,0001,29392.73726635294,6,1,1.0,2,3,8,2,6,"[0, 3, 5, 8, 9, 11]",ok,,
"[2, 5]",4,16,0,4,qasm,2000,shot_batch,3,learned,pairwise_ranking,none,False,False,True,True,True,True,0.625,0.625,14,10,16,14,28000,42,22,499,,0.8333333333333334,1,0001,29392.73726635294,6,1,1.0,2,3,11,0,4,"[5, 8, 9, 11]",ok,,
"[2, 5]",4,16,0,4,qasm,2000,shot_batch,3,learned,pairwise_ranking,accepted,False,False,True,True,True,True,0.75,0.75,16,12,16,14,28000,42,22,511,,0.8333333333333334,1,0001,29392.73726635294,6,1,1.0,2,3,11,2,6,"[0, 3, 5, 8, 9, 11]",ok,,
"[2, 5]",4,16,0,4,qasm,2000,shot_batch,3,learned,rank_hinge,none,False,False,True,True,True,True,0.75,0.75,16,12,16,14,28000,42,11,108,,0.8333333333333334,1,0001,29392.73726635294,6,1,1.0,2,1,2,0,4,"[5, 8, 9, 11]",ok,,
"[2, 5]",4,16,0,4,qasm,2000,shot_batch,3,learned,rank_hinge,accepted,False,False,True,True,True,True,0.3125,0.3125,9,5,16,2,4000,6,18,2,,0.8333333333333334,1,0001,29392.73726635294,6,1,1.0,2,1,2,2,6,"[0, 3, 5, 8, 9, 11]",ok,,
"[2, 5]",4,16,1,4,qasm,2000,shot_batch,3,learned,mismatch,none,False,False,True,True,True,True,0.625,0.625,14,10,16,13,26000,39,14,96,,0.8333333333333334,1,1110,30853.5596684,6,1,1.0,2,2,5,0,4,"[6, 7, 11, 15]",ok,,
"[2, 5]",4,16,1,4,qasm,2000,shot_batch,3,learned,mismatch,accepted,False,False,True,True,True,True,0.6875,0.6875,15,11,16,13,26000,39,22,505,,0.8333333333333334,1,1110,30853.5596684,6,1,1.0,2,2,5,1,5,"[0, 6, 7, 11, 15]",ok,,
"[2, 5]",4,16,1,4,qasm,2000,shot_batch,3,learned,pairwise_ranking,none,False,False,True,True,True,True,0.5625,0.5625,13,9,16,13,26000,39,22,492,,0.8333333333333334,1,1110,30853.5596684,6,1,1.0,2,3,8,0,4,"[6, 7, 11, 15]",ok,,
"[2, 5]",4,16,1,4,qasm,2000,shot_batch,3,learned,pairwise_ranking,accepted,False,False,True,True,True,True,0.6875,0.6875,15,11,16,13,26000,39,25,993,,0.8333333333333334,1,1110,30853.5596684,6,1,1.0,2,3,8,1,5,"[0, 6, 7, 11, 15]",ok,,
"[2, 5]",4,16,1,4,qasm,2000,shot_batch,3,learned,rank_hinge,none,False,False,True,True,True,True,0.6875,0.6875,15,11,16,13,26000,39,11,65,,0.8333333333333334,1,1110,30853.5596684,6,1,1.0,2,2,3,0,4,"[6, 7, 11, 15]",ok,,
"[2, 5]",4,16,1,4,qasm,2000,shot_batch,3,learned,rank_hinge,accepted,False,False,True,True,True,True,0.625,0.625,14,10,16,13,26000,39,11,84,,0.8333333333333334,1,1110,30853.5596684,6,1,1.0,2,2,3,1,5,"[0, 6, 7, 11, 15]",ok,,
"[2, 5]",4,16,2,4,qasm,2000,shot_batch,3,learned,mismatch,none,False,False,True,True,True,True,0.75,0.75,16,12,16,19,38000,57,14,90,,1.0,1,0100,25022.74363475294,6,0,0.0,2,2,6,0,4,"[2, 4, 5, 11]",ok,,
"[2, 5]",4,16,2,4,qasm,2000,shot_batch,3,learned,mismatch,accepted,False,False,False,False,False,False,0.625,0.625,14,10,16,13,26000,39,18,336,,1.0,1,0100,25022.74363475294,6,0,0.0,2,2,6,1,5,"[2, 3, 4, 5, 11]",ok,,
"[2, 5]",4,16,2,4,qasm,2000,shot_batch,3,learned,pairwise_ranking,none,False,False,True,True,True,True,0.75,0.75,16,12,16,19,38000,57,22,499,,1.0,1,0100,25022.74363475294,6,0,0.0,2,3,9,0,4,"[2, 4, 5, 11]",ok,,
"[2, 5]",4,16,2,4,qasm,2000,shot_batch,3,learned,pairwise_ranking,accepted,False,False,False,False,False,False,0.6875,0.6875,15,11,16,13,26000,39,22,344,,1.0,1,0100,25022.74363475294,6,0,0.0,2,3,9,1,5,"[2, 3, 4, 5, 11]",ok,,
"[2, 5]",4,16,2,4,qasm,2000,shot_batch,3,learned,rank_hinge,none,False,False,True,True,True,True,0.75,0.75,16,12,16,19,38000,57,11,90,,1.0,1,0100,25022.74363475294,6,0,0.0,2,2,3,0,4,"[2, 4, 5, 11]",ok,,
"[2, 5]",4,16,2,4,qasm,2000,shot_batch,3,learned,rank_hinge,accepted,False,False,False,False,False,False,0.125,0.125,6,2,16,1,2000,3,11,2,,1.0,1,0100,25022.74363475294,6,0,0.0,2,2,3,1,5,"[2, 3, 4, 5, 11]",ok,,
"[2, 5]",4,16,3,4,qasm,2000,shot_batch,3,learned,mismatch,none,False,False,True,True,True,True,0.75,0.75,16,12,16,16,32000,48,14,84,,0.6666666666666666,1,1100,24578.2152604,6,2,3.0,2,2,6,0,4,"[2, 3, 4, 10]",ok,,
"[2, 5]",4,16,3,4,qasm,2000,shot_batch,3,learned,mismatch,accepted,False,False,True,True,True,True,0.75,0.75,16,12,16,16,32000,48,18,517,,0.6666666666666666,1,1100,24578.2152604,6,2,3.0,2,2,6,3,6,"[0, 1, 2, 3, 4, 10]",ok,,
"[2, 5]",4,16,3,4,qasm,2000,shot_batch,3,learned,pairwise_ranking,none,False,False,True,True,True,True,0.75,0.75,16,12,16,16,32000,48,22,496,,0.6666666666666666,1,1100,24578.2152604,6,2,4.0,2,3,10,0,4,"[2, 3, 4, 10]",ok,,
"[2, 5]",4,16,3,4,qasm,2000,shot_batch,3,learned,pairwise_ranking,accepted,False,False,True,True,True,True,0.6875,0.6875,15,11,16,16,32000,48,22,513,,0.6666666666666666,1,1100,24578.2152604,6,2,4.0,2,3,10,3,6,"[0, 1, 2, 3, 4, 10]",ok,,
"[2, 5]",4,16,3,4,qasm,2000,shot_batch,3,learned,rank_hinge,none,False,False,True,True,True,True,0.75,0.75,16,12,16,16,32000,48,11,114,,0.8333333333333334,1,1100,24578.2152604,6,1,1.0,2,1,2,0,4,"[2, 3, 4, 10]",ok,,
"[2, 5]",4,16,3,4,qasm,2000,shot_batch,3,learned,rank_hinge,accepted,False,False,True,True,True,True,0.6875,0.6875,15,11,16,16,32000,48,22,517,,0.8333333333333334,1,1100,24578.2152604,6,1,1.0,2,1,2,3,6,"[0, 1, 2, 3, 4, 10]",ok,,
"[2, 5]",4,16,4,4,qasm,2000,shot_batch,3,learned,mismatch,none,False,False,True,True,True,True,0.6875,0.6875,15,11,16,17,34000,51,14,96,,0.8333333333333334,1,0001,29392.73726635294,6,1,2.0,2,2,6,0,4,"[8, 9, 13, 14]",ok,,
"[2, 5]",4,16,4,4,qasm,2000,shot_batch,3,learned,mismatch,accepted,False,False,True,True,True,True,0.75,0.75,16,12,16,24,48000,72,18,335,,0.8333333333333334,1,0001,29392.73726635294,6,1,2.0,2,2,6,3,7,"[0, 1, 3, 8, 9, 13, 14]",ok,,
"[2, 5]",4,16,4,4,qasm,2000,shot_batch,3,learned,pairwise_ranking,none,False,False,True,True,True,True,0.6875,0.6875,15,11,16,18,36000,54,22,517,,0.8333333333333334,1,0001,29392.73726635294,6,1,2.0,2,3,8,0,4,"[8, 9, 13, 14]",ok,,
"[2, 5]",4,16,4,4,qasm,2000,shot_batch,3,learned,pairwise_ranking,accepted,False,False,True,True,True,True,0.75,0.75,16,12,16,18,36000,54,25,511,,0.8333333333333334,1,0001,29392.73726635294,6,1,2.0,2,3,8,3,7,"[0, 1, 3, 8, 9, 13, 14]",ok,,
"[2, 5]",4,16,4,4,qasm,2000,shot_batch,3,learned,rank_hinge,none,False,False,True,True,True,True,0.6875,0.6875,15,11,16,15,30000,45,14,108,,1.0,1,0001,29392.73726635294,6,0,0.0,2,3,5,0,4,"[8, 9, 13, 14]",ok,,
"[2, 5]",4,16,4,4,qasm,2000,shot_batch,3,learned,rank_hinge,accepted,False,False,True,True,True,True,0.75,0.75,16,12,16,15,30000,45,22,943,,1.0,1,0001,29392.73726635294,6,0,0.0,2,3,5,2,6,"[0, 1, 8, 9, 13, 14]",ok,,
"[2, 5]",4,16,0,8,qasm,2000,shot_batch,3,learned,mismatch,none,False,False,True,True,True,True,0.4375,0.4375,15,7,16,14,28000,42,14,90,,0.6428571428571429,1,1100,24578.2152604,28,10,15.0,2,2,6,0,8,"[1, 2, 3, 4, 6, 7, 10, 15]",ok,,
"[2, 5]",4,16,0,8,qasm,2000,shot_batch,3,learned,mismatch,accepted,False,False,True,True,True,True,0.4375,0.4375,15,7,16,14,28000,42,14,84,,0.6428571428571429,1,1100,24578.2152604,28,10,15.0,2,2,6,2,9,"[0, 1, 2, 3, 4, 6, 7, 10, 15]",ok,,
"[2, 5]",4,16,0,8,qasm,2000,shot_batch,3,learned,pairwise_ranking,none,False,False,True,True,True,True,0.375,0.375,14,6,16,14,28000,42,25,984,,0.7142857142857143,1,1100,24578.2152604,28,8,15.0,2,5,14,0,8,"[1, 2, 3, 4, 6, 7, 10, 15]",ok,,
"[2, 5]",4,16,0,8,qasm,2000,shot_batch,3,learned,pairwise_ranking,accepted,False,False,True,True,True,True,0.5,0.5,16,8,16,14,28000,42,25,987,,0.7142857142857143,1,1100,24578.2152604,28,8,15.0,2,5,14,2,9,"[0, 1, 2, 3, 4, 6, 7, 10, 15]",ok,,
"[2, 5]",4,16,0,8,qasm,2000,shot_batch,3,learned,rank_hinge,none,False,False,False,False,False,False,0.0625,0.0625,9,1,16,1,2000,3,22,2,,0.9285714285714286,1,1100,24578.2152604,28,2,2.0,2,5,11,0,8,"[1, 2, 3, 4, 6, 7, 10, 15]",ok,,
"[2, 5]",4,16,0,8,qasm,2000,shot_batch,3,learned,rank_hinge,accepted,False,False,False,False,False,False,0.0625,0.0625,9,1,16,1,2000,3,22,2,,0.9285714285714286,1,1100,24578.2152604,28,2,2.0,2,5,11,1,8,"[1, 2, 3, 4, 6, 7, 10, 15]",ok,,
"[2, 5]",4,16,1,8,qasm,2000,shot_batch,3,learned,mismatch,none,False,False,True,True,True,True,0.4375,0.4375,15,7,16,13,26000,39,14,84,,0.6428571428571429,1,1000,24897.827539314705,28,10,13.0,2,2,6,0,8,"[1, 2, 4, 5, 8, 11, 12, 15]",ok,,
"[2, 5]",4,16,1,8,qasm,2000,shot_batch,3,learned,mismatch,accepted,False,False,True,True,True,True,0.4375,0.4375,15,7,16,13,26000,39,14,84,,0.6428571428571429,1,1000,24897.827539314705,28,10,13.0,2,2,6,1,9,"[0, 1, 2, 4, 5, 8, 11, 12, 15]",ok,,
"[2, 5]",4,16,1,8,qasm,2000,shot_batch,3,learned,pairwise_ranking,none,False,False,True,True,True,True,0.4375,0.4375,15,7,16,13,26000,39,22,502,,0.6428571428571429,1,1000,24897.827539314705,28,10,16.0,2,4,12,0,8,"[1, 2, 4, 5, 8, 11, 12, 15]",ok,,
"[2, 5]",4,16,1,8,qasm,2000,shot_batch,3,learned,pairwise_ranking,accepted,False,False,True,True,True,True,0.4375,0.4375,15,7,16,13,26000,39,25,997,,0.6428571428571429,1,1000,24897.827539314705,28,10,16.0,2,4,12,1,9,"[0, 1, 2, 4, 5, 8, 11, 12, 15]",ok,,
"[2, 5]",4,16,1,8,qasm,2000,shot_batch,3,learned,rank_hinge,none,False,False,True,True,True,True,0.4375,0.4375,15,7,16,13,26000,39,15,733,,0.8571428571428571,1,1000,24897.827539314705,28,4,5.0,2,2,5,0,8,"[1, 2, 4, 5, 8, 11, 12, 15]",ok,,
"[2, 5]",4,16,1,8,qasm,2000,shot_batch,3,learned,rank_hinge,accepted,False,False,True,True,True,True,0.4375,0.4375,15,7,16,13,26000,39,22,919,,0.8571428571428571,1,1000,24897.827539314705,28,4,5.0,2,2,5,1,9,"[0, 1, 2, 4, 5, 8, 11, 12, 15]",ok,,
"[2, 5]",4,16,2,8,qasm,2000,shot_batch,3,learned,mismatch,none,False,False,False,False,False,False,0.375,0.375,14,6,16,13,26000,39,14,61,,0.6071428571428571,1,1100,24578.2152604,28,11,15.0,2,2,6,0,8,"[2, 3, 4, 5, 7, 11, 14, 15]",ok,,
"[2, 5]",4,16,2,8,qasm,2000,shot_batch,3,learned,mismatch,accepted,False,False,False,False,False,False,0.375,0.375,14,6,16,13,26000,39,14,61,,0.6071428571428571,1,1100,24578.2152604,28,11,15.0,2,2,6,1,8,"[2, 3, 4, 5, 7, 11, 14, 15]",ok,,
"[2, 5]",4,16,2,8,qasm,2000,shot_batch,3,learned,pairwise_ranking,none,False,False,False,False,False,False,0.4375,0.4375,15,7,16,13,26000,39,22,345,,0.6071428571428571,1,1100,24578.2152604,28,11,15.0,2,4,10,0,8,"[2, 3, 4, 5, 7, 11, 14, 15]",ok,,
"[2, 5]",4,16,2,8,qasm,2000,shot_batch,3,learned,pairwise_ranking,accepted,False,False,False,False,False,False,0.4375,0.4375,15,7,16,13,26000,39,22,345,,0.6071428571428571,1,1100,24578.2152604,28,11,15.0,2,4,10,1,8,"[2, 3, 4, 5, 7, 11, 14, 15]",ok,,
"[2, 5]",4,16,2,8,qasm,2000,shot_batch,3,learned,rank_hinge,none,False,False,True,True,True,True,0.5,0.5,16,8,16,19,38000,57,22,925,,0.7857142857142857,1,1100,24578.2152604,28,6,8.0,2,4,9,0,8,"[2, 3, 4, 5, 7, 11, 14, 15]",ok,,
"[2, 5]",4,16,2,8,qasm,2000,shot_batch,3,learned,rank_hinge,accepted,False,False,True,True,True,True,0.4375,0.4375,15,7,16,19,38000,57,22,733,,0.7857142857142857,1,1100,24578.2152604,28,6,8.0,2,4,9,2,9,"[0, 2, 3, 4, 5, 7, 11, 14, 15]",ok,,
"[2, 5]",4,16,3,8,qasm,2000,shot_batch,3,learned,mismatch,none,False,False,True,True,True,True,0.5,0.5,16,8,16,15,30000,45,14,90,,0.8214285714285714,1,1100,24578.2152604,28,5,5.0,2,2,6,0,8,"[1, 2, 3, 7, 9, 11, 12, 13]",ok,,
"[2, 5]",4,16,3,8,qasm,2000,shot_batch,3,learned,mismatch,accepted,False,False,True,True,True,True,0.4375,0.4375,15,7,16,15,30000,45,14,84,,0.8214285714285714,1,1100,24578.2152604,28,5,5.0,2,2,6,1,9,"[0, 1, 2, 3, 7, 9, 11, 12, 13]",ok,,
"[2, 5]",4,16,3,8,qasm,2000,shot_batch,3,learned,pairwise_ranking,none,False,False,True,True,True,True,0.375,0.375,14,6,16,15,30000,45,25,970,,0.8214285714285714,1,1100,24578.2152604,28,5,7.0,2,5,15,0,8,"[1, 2, 3, 7, 9, 11, 12, 13]",ok,,
"[2, 5]",4,16,3,8,qasm,2000,shot_batch,3,learned,pairwise_ranking,accepted,False,False,True,True,True,True,0.4375,0.4375,15,7,16,15,30000,45,25,987,,0.8214285714285714,1,1100,24578.2152604,28,5,7.0,2,5,15,1,9,"[0, 1, 2, 3, 7, 9, 11, 12, 13]",ok,,
"[2, 5]",4,16,3,8,qasm,2000,shot_batch,3,learned,rank_hinge,none,False,False,True,True,True,True,0.375,0.375,14,6,16,15,30000,45,22,934,,0.9642857142857143,1,1100,24578.2152604,28,1,1.0,2,4,11,0,8,"[1, 2, 3, 7, 9, 11, 12, 13]",ok,,
"[2, 5]",4,16,3,8,qasm,2000,shot_batch,3,learned,rank_hinge,accepted,False,False,True,True,True,True,0.3125,0.3125,13,5,16,15,30000,45,22,570,,0.9642857142857143,1,1100,24578.2152604,28,1,1.0,2,4,11,1,9,"[0, 1, 2, 3, 7, 9, 11, 12, 13]",ok,,
"[2, 5]",4,16,4,8,qasm,2000,shot_batch,3,learned,mismatch,none,False,False,True,True,True,True,0.4375,0.4375,15,7,16,17,34000,51,14,90,,0.5357142857142857,1,0100,25022.74363475294,28,13,17.0,2,2,6,0,8,"[2, 6, 9, 10, 11, 12, 13, 14]",ok,,
"[2, 5]",4,16,4,8,qasm,2000,shot_batch,3,learned,mismatch,accepted,False,False,True,True,True,True,0.4375,0.4375,15,7,16,17,34000,51,14,84,,0.5357142857142857,1,0100,25022.74363475294,28,13,17.0,2,2,6,1,9,"[0, 2, 6, 9, 10, 11, 12, 13, 14]",ok,,
"[2, 5]",4,16,4,8,qasm,2000,shot_batch,3,learned,pairwise_ranking,none,False,False,True,True,True,True,0.5,0.5,16,8,16,17,34000,51,25,984,,0.6428571428571429,1,0100,25022.74363475294,28,10,22.0,2,5,13,0,8,"[2, 6, 9, 10, 11, 12, 13, 14]",ok,,
"[2, 5]",4,16,4,8,qasm,2000,shot_batch,3,learned,pairwise_ranking,accepted,False,False,True,True,True,True,0.5,0.5,16,8,16,17,34000,51,25,507,,0.6428571428571429,1,0100,25022.74363475294,28,10,22.0,2,5,13,1,9,"[0, 2, 6, 9, 10, 11, 12, 13, 14]",ok,,
"[2, 5]",4,16,4,8,qasm,2000,shot_batch,3,learned,rank_hinge,none,False,False,True,True,True,True,0.4375,0.4375,15,7,16,14,28000,42,11,84,,0.7857142857142857,1,0100,25022.74363475294,28,6,6.0,2,2,3,0,8,"[2, 6, 9, 10, 11, 12, 13, 14]",ok,,
"[2, 5]",4,16,4,8,qasm,2000,shot_batch,3,learned,rank_hinge,accepted,False,False,True,True,True,True,0.5,0.5,16,8,16,14,28000,42,18,570,,0.7857142857142857,1,0100,25022.74363475294,28,6,6.0,2,2,3,1,9,"[0, 2, 6, 9, 10, 11, 12, 13, 14]",ok,,
"[2, 5]",4,16,0,16,qasm,2000,shot_batch,3,learned,mismatch,none,,,,,,,,,,,,,,,,,,,,,,,,,,,,,,,skipped_invalid_config,invalid_config,4q configs use train_sample_count 4 or 8
"[2, 5]",4,16,0,16,qasm,2000,shot_batch,3,learned,mismatch,accepted,,,,,,,,,,,,,,,,,,,,,,,,,,,,,,,skipped_invalid_config,invalid_config,4q configs use train_sample_count 4 or 8
"[2, 5]",4,16,0,16,qasm,2000,shot_batch,3,learned,pairwise_ranking,none,,,,,,,,,,,,,,,,,,,,,,,,,,,,,,,skipped_invalid_config,invalid_config,4q configs use train_sample_count 4 or 8
"[2, 5]",4,16,0,16,qasm,2000,shot_batch,3,learned,pairwise_ranking,accepted,,,,,,,,,,,,,,,,,,,,,,,,,,,,,,,skipped_invalid_config,invalid_config,4q configs use train_sample_count 4 or 8
"[2, 5]",4,16,0,16,qasm,2000,shot_batch,3,learned,rank_hinge,none,,,,,,,,,,,,,,,,,,,,,,,,,,,,,,,skipped_invalid_config,invalid_config,4q configs use train_sample_count 4 or 8
"[2, 5]",4,16,0,16,qasm,2000,shot_batch,3,learned,rank_hinge,accepted,,,,,,,,,,,,,,,,,,,,,,,,,,,,,,,skipped_invalid_config,invalid_config,4q configs use train_sample_count 4 or 8
"[2, 5]",4,16,1,16,qasm,2000,shot_batch,3,learned,mismatch,none,,,,,,,,,,,,,,,,,,,,,,,,,,,,,,,skipped_invalid_config,invalid_config,4q configs use train_sample_count 4 or 8
"[2, 5]",4,16,1,16,qasm,2000,shot_batch,3,learned,mismatch,accepted,,,,,,,,,,,,,,,,,,,,,,,,,,,,,,,skipped_invalid_config,invalid_config,4q configs use train_sample_count 4 or 8
"[2, 5]",4,16,1,16,qasm,2000,shot_batch,3,learned,pairwise_ranking,none,,,,,,,,,,,,,,,,,,,,,,,,,,,,,,,skipped_invalid_config,invalid_config,4q configs use train_sample_count 4 or 8
"[2, 5]",4,16,1,16,qasm,2000,shot_batch,3,learned,pairwise_ranking,accepted,,,,,,,,,,,,,,,,,,,,,,,,,,,,,,,skipped_invalid_config,invalid_config,4q configs use train_sample_count 4 or 8
"[2, 5]",4,16,1,16,qasm,2000,shot_batch,3,learned,rank_hinge,none,,,,,,,,,,,,,,,,,,,,,,,,,,,,,,,skipped_invalid_config,invalid_config,4q configs use train_sample_count 4 or 8
"[2, 5]",4,16,1,16,qasm,2000,shot_batch,3,learned,rank_hinge,accepted,,,,,,,,,,,,,,,,,,,,,,,,,,,,,,,skipped_invalid_config,invalid_config,4q configs use train_sample_count 4 or 8
"[2, 5]",4,16,2,16,qasm,2000,shot_batch,3,learned,mismatch,none,,,,,,,,,,,,,,,,,,,,,,,,,,,,,,,skipped_invalid_config,invalid_config,4q configs use train_sample_count 4 or 8
"[2, 5]",4,16,2,16,qasm,2000,shot_batch,3,learned,mismatch,accepted,,,,,,,,,,,,,,,,,,,,,,,,,,,,,,,skipped_invalid_config,invalid_config,4q configs use train_sample_count 4 or 8
"[2, 5]",4,16,2,16,qasm,2000,shot_batch,3,learned,pairwise_ranking,none,,,,,,,,,,,,,,,,,,,,,,,,,,,,,,,skipped_invalid_config,invalid_config,4q configs use train_sample_count 4 or 8
"[2, 5]",4,16,2,16,qasm,2000,shot_batch,3,learned,pairwise_ranking,accepted,,,,,,,,,,,,,,,,,,,,,,,,,,,,,,,skipped_invalid_config,invalid_config,4q configs use train_sample_count 4 or 8
"[2, 5]",4,16,2,16,qasm,2000,shot_batch,3,learned,rank_hinge,none,,,,,,,,,,,,,,,,,,,,,,,,,,,,,,,skipped_invalid_config,invalid_config,4q configs use train_sample_count 4 or 8
"[2, 5]",4,16,2,16,qasm,2000,shot_batch,3,learned,rank_hinge,accepted,,,,,,,,,,,,,,,,,,,,,,,,,,,,,,,skipped_invalid_config,invalid_config,4q configs use train_sample_count 4 or 8
"[2, 5]",4,16,3,16,qasm,2000,shot_batch,3,learned,mismatch,none,,,,,,,,,,,,,,,,,,,,,,,,,,,,,,,skipped_invalid_config,invalid_config,4q configs use train_sample_count 4 or 8
"[2, 5]",4,16,3,16,qasm,2000,shot_batch,3,learned,mismatch,accepted,,,,,,,,,,,,,,,,,,,,,,,,,,,,,,,skipped_invalid_config,invalid_config,4q configs use train_sample_count 4 or 8
"[2, 5]",4,16,3,16,qasm,2000,shot_batch,3,learned,pairwise_ranking,none,,,,,,,,,,,,,,,,,,,,,,,,,,,,,,,skipped_invalid_config,invalid_config,4q configs use train_sample_count 4 or 8
"[2, 5]",4,16,3,16,qasm,2000,shot_batch,3,learned,pairwise_ranking,accepted,,,,,,,,,,,,,,,,,,,,,,,,,,,,,,,skipped_invalid_config,invalid_config,4q configs use train_sample_count 4 or 8
"[2, 5]",4,16,3,16,qasm,2000,shot_batch,3,learned,rank_hinge,none,,,,,,,,,,,,,,,,,,,,,,,,,,,,,,,skipped_invalid_config,invalid_config,4q configs use train_sample_count 4 or 8
"[2, 5]",4,16,3,16,qasm,2000,shot_batch,3,learned,rank_hinge,accepted,,,,,,,,,,,,,,,,,,,,,,,,,,,,,,,skipped_invalid_config,invalid_config,4q configs use train_sample_count 4 or 8
"[2, 5]",4,16,4,16,qasm,2000,shot_batch,3,learned,mismatch,none,,,,,,,,,,,,,,,,,,,,,,,,,,,,,,,skipped_invalid_config,invalid_config,4q configs use train_sample_count 4 or 8
"[2, 5]",4,16,4,16,qasm,2000,shot_batch,3,learned,mismatch,accepted,,,,,,,,,,,,,,,,,,,,,,,,,,,,,,,skipped_invalid_config,invalid_config,4q configs use train_sample_count 4 or 8
"[2, 5]",4,16,4,16,qasm,2000,shot_batch,3,learned,pairwise_ranking,none,,,,,,,,,,,,,,,,,,,,,,,,,,,,,,,skipped_invalid_config,invalid_config,4q configs use train_sample_count 4 or 8
"[2, 5]",4,16,4,16,qasm,2000,shot_batch,3,learned,pairwise_ranking,accepted,,,,,,,,,,,,,,,,,,,,,,,,,,,,,,,skipped_invalid_config,invalid_config,4q configs use train_sample_count 4 or 8
"[2, 5]",4,16,4,16,qasm,2000,shot_batch,3,learned,rank_hinge,none,,,,,,,,,,,,,,,,,,,,,,,,,,,,,,,skipped_invalid_config,invalid_config,4q configs use train_sample_count 4 or 8
"[2, 5]",4,16,4,16,qasm,2000,shot_batch,3,learned,rank_hinge,accepted,,,,,,,,,,,,,,,,,,,,,,,,,,,,,,,skipped_invalid_config,invalid_config,4q configs use train_sample_count 4 or 8
"[0, 1, 2]",6,64,0,4,qasm,2000,shot_batch,3,learned,mismatch,none,,,,,,,,,,,,,,,,,,,,,,,,,,,,,,,skipped_invalid_config,invalid_config,6q configs use train_sample_count 8 or 16
"[0, 1, 2]",6,64,0,4,qasm,2000,shot_batch,3,learned,mismatch,accepted,,,,,,,,,,,,,,,,,,,,,,,,,,,,,,,skipped_invalid_config,invalid_config,6q configs use train_sample_count 8 or 16
"[0, 1, 2]",6,64,0,4,qasm,2000,shot_batch,3,learned,pairwise_ranking,none,,,,,,,,,,,,,,,,,,,,,,,,,,,,,,,skipped_invalid_config,invalid_config,6q configs use train_sample_count 8 or 16
"[0, 1, 2]",6,64,0,4,qasm,2000,shot_batch,3,learned,pairwise_ranking,accepted,,,,,,,,,,,,,,,,,,,,,,,,,,,,,,,skipped_invalid_config,invalid_config,6q configs use train_sample_count 8 or 16
"[0, 1, 2]",6,64,0,4,qasm,2000,shot_batch,3,learned,rank_hinge,none,,,,,,,,,,,,,,,,,,,,,,,,,,,,,,,skipped_invalid_config,invalid_config,6q configs use train_sample_count 8 or 16
"[0, 1, 2]",6,64,0,4,qasm,2000,shot_batch,3,learned,rank_hinge,accepted,,,,,,,,,,,,,,,,,,,,,,,,,,,,,,,skipped_invalid_config,invalid_config,6q configs use train_sample_count 8 or 16
"[0, 1, 2]",6,64,1,4,qasm,2000,shot_batch,3,learned,mismatch,none,,,,,,,,,,,,,,,,,,,,,,,,,,,,,,,skipped_invalid_config,invalid_config,6q configs use train_sample_count 8 or 16
"[0, 1, 2]",6,64,1,4,qasm,2000,shot_batch,3,learned,mismatch,accepted,,,,,,,,,,,,,,,,,,,,,,,,,,,,,,,skipped_invalid_config,invalid_config,6q configs use train_sample_count 8 or 16
"[0, 1, 2]",6,64,1,4,qasm,2000,shot_batch,3,learned,pairwise_ranking,none,,,,,,,,,,,,,,,,,,,,,,,,,,,,,,,skipped_invalid_config,invalid_config,6q configs use train_sample_count 8 or 16
"[0, 1, 2]",6,64,1,4,qasm,2000,shot_batch,3,learned,pairwise_ranking,accepted,,,,,,,,,,,,,,,,,,,,,,,,,,,,,,,skipped_invalid_config,invalid_config,6q configs use train_sample_count 8 or 16
"[0, 1, 2]",6,64,1,4,qasm,2000,shot_batch,3,learned,rank_hinge,none,,,,,,,,,,,,,,,,,,,,,,,,,,,,,,,skipped_invalid_config,invalid_config,6q configs use train_sample_count 8 or 16
"[0, 1, 2]",6,64,1,4,qasm,2000,shot_batch,3,learned,rank_hinge,accepted,,,,,,,,,,,,,,,,,,,,,,,,,,,,,,,skipped_invalid_config,invalid_config,6q configs use train_sample_count 8 or 16
"[0, 1, 2]",6,64,2,4,qasm,2000,shot_batch,3,learned,mismatch,none,,,,,,,,,,,,,,,,,,,,,,,,,,,,,,,skipped_invalid_config,invalid_config,6q configs use train_sample_count 8 or 16
"[0, 1, 2]",6,64,2,4,qasm,2000,shot_batch,3,learned,mismatch,accepted,,,,,,,,,,,,,,,,,,,,,,,,,,,,,,,skipped_invalid_config,invalid_config,6q configs use train_sample_count 8 or 16
"[0, 1, 2]",6,64,2,4,qasm,2000,shot_batch,3,learned,pairwise_ranking,none,,,,,,,,,,,,,,,,,,,,,,,,,,,,,,,skipped_invalid_config,invalid_config,6q configs use train_sample_count 8 or 16
"[0, 1, 2]",6,64,2,4,qasm,2000,shot_batch,3,learned,pairwise_ranking,accepted,,,,,,,,,,,,,,,,,,,,,,,,,,,,,,,skipped_invalid_config,invalid_config,6q configs use train_sample_count 8 or 16
"[0, 1, 2]",6,64,2,4,qasm,2000,shot_batch,3,learned,rank_hinge,none,,,,,,,,,,,,,,,,,,,,,,,,,,,,,,,skipped_invalid_config,invalid_config,6q configs use train_sample_count 8 or 16
"[0, 1, 2]",6,64,2,4,qasm,2000,shot_batch,3,learned,rank_hinge,accepted,,,,,,,,,,,,,,,,,,,,,,,,,,,,,,,skipped_invalid_config,invalid_config,6q configs use train_sample_count 8 or 16
"[0, 1, 2]",6,64,3,4,qasm,2000,shot_batch,3,learned,mismatch,none,,,,,,,,,,,,,,,,,,,,,,,,,,,,,,,skipped_invalid_config,invalid_config,6q configs use train_sample_count 8 or 16
"[0, 1, 2]",6,64,3,4,qasm,2000,shot_batch,3,learned,mismatch,accepted,,,,,,,,,,,,,,,,,,,,,,,,,,,,,,,skipped_invalid_config,invalid_config,6q configs use train_sample_count 8 or 16
"[0, 1, 2]",6,64,3,4,qasm,2000,shot_batch,3,learned,pairwise_ranking,none,,,,,,,,,,,,,,,,,,,,,,,,,,,,,,,skipped_invalid_config,invalid_config,6q configs use train_sample_count 8 or 16
"[0, 1, 2]",6,64,3,4,qasm,2000,shot_batch,3,learned,pairwise_ranking,accepted,,,,,,,,,,,,,,,,,,,,,,,,,,,,,,,skipped_invalid_config,invalid_config,6q configs use train_sample_count 8 or 16
"[0, 1, 2]",6,64,3,4,qasm,2000,shot_batch,3,learned,rank_hinge,none,,,,,,,,,,,,,,,,,,,,,,,,,,,,,,,skipped_invalid_config,invalid_config,6q configs use train_sample_count 8 or 16
"[0, 1, 2]",6,64,3,4,qasm,2000,shot_batch,3,learned,rank_hinge,accepted,,,,,,,,,,,,,,,,,,,,,,,,,,,,,,,skipped_invalid_config,invalid_config,6q configs use train_sample_count 8 or 16
"[0, 1, 2]",6,64,4,4,qasm,2000,shot_batch,3,learned,mismatch,none,,,,,,,,,,,,,,,,,,,,,,,,,,,,,,,skipped_invalid_config,invalid_config,6q configs use train_sample_count 8 or 16
"[0, 1, 2]",6,64,4,4,qasm,2000,shot_batch,3,learned,mismatch,accepted,,,,,,,,,,,,,,,,,,,,,,,,,,,,,,,skipped_invalid_config,invalid_config,6q configs use train_sample_count 8 or 16
"[0, 1, 2]",6,64,4,4,qasm,2000,shot_batch,3,learned,pairwise_ranking,none,,,,,,,,,,,,,,,,,,,,,,,,,,,,,,,skipped_invalid_config,invalid_config,6q configs use train_sample_count 8 or 16
"[0, 1, 2]",6,64,4,4,qasm,2000,shot_batch,3,learned,pairwise_ranking,accepted,,,,,,,,,,,,,,,,,,,,,,,,,,,,,,,skipped_invalid_config,invalid_config,6q configs use train_sample_count 8 or 16
"[0, 1, 2]",6,64,4,4,qasm,2000,shot_batch,3,learned,rank_hinge,none,,,,,,,,,,,,,,,,,,,,,,,,,,,,,,,skipped_invalid_config,invalid_config,6q configs use train_sample_count 8 or 16
"[0, 1, 2]",6,64,4,4,qasm,2000,shot_batch,3,learned,rank_hinge,accepted,,,,,,,,,,,,,,,,,,,,,,,,,,,,,,,skipped_invalid_config,invalid_config,6q configs use train_sample_count 8 or 16
"[0, 1, 2]",6,64,0,8,qasm,2000,shot_batch,3,learned,mismatch,none,False,False,True,True,True,True,0.625,0.625,48,40,64,27,54000,81,16,150,,0.35714285714285715,1,110010,33223.5533,28,18,25.0,2,1,6,0,8,"[1, 2, 5, 16, 19, 30, 37, 48]",ok,,
"[0, 1, 2]",6,64,0,8,qasm,2000,shot_batch,3,learned,mismatch,accepted,False,False,False,False,False,False,0.40625,0.40625,34,26,64,17,34000,51,20,738,,0.35714285714285715,1,110010,33223.5533,28,18,25.0,2,1,6,2,9,"[1, 2, 5, 16, 19, 30, 31, 37, 48]",ok,,
"[0, 1, 2]",6,64,0,8,qasm,2000,shot_batch,3,learned,pairwise_ranking,none,False,False,True,True,True,True,0.53125,0.53125,42,34,64,23,46000,69,27,960,,0.42857142857142855,1,110010,33223.5533,28,16,35.0,2,3,15,0,8,"[1, 2, 5, 16, 19, 30, 37, 48]",ok,,
"[0, 1, 2]",6,64,0,8,qasm,2000,shot_batch,3,learned,pairwise_ranking,accepted,,,,,,,,,,,,,,,,,,,,,,,,,,,,,,,skipped_resource_limit,resource_limit,'Number of qubits (30) in small_sample_gate_level_tau_0 is greater than maximum (29) in the coupling_map'
"[0, 1, 2]",6,64,0,8,qasm,2000,shot_batch,3,learned,rank_hinge,none,False,False,False,False,False,False,0.375,0.375,32,24,64,17,34000,51,17,514,,0.6428571428571429,1,110010,33223.5533,28,10,14.0,2,4,7,0,8,"[1, 2, 5, 16, 19, 30, 37, 48]",ok,,
"[0, 1, 2]",6,64,0,8,qasm,2000,shot_batch,3,learned,rank_hinge,accepted,False,False,False,False,False,False,0.140625,0.140625,17,9,64,3,6000,9,17,172,,0.6428571428571429,1,110010,33223.5533,28,10,14.0,2,4,7,2,10,"[1, 2, 5, 16, 19, 30, 31, 37, 48, 51]",ok,,
"[0, 1, 2]",6,64,1,8,qasm,2000,shot_batch,3,learned,mismatch,none,False,False,False,False,False,False,0.46875,0.46875,38,30,64,14,28000,42,24,726,,0.6666666666666666,1,110110,37223.5533,27,9,11.0,2,2,8,0,8,"[2, 9, 27, 30, 44, 52, 57, 60]",ok,,
"[0, 1, 2]",6,64,1,8,qasm,2000,shot_batch,3,learned,mismatch,accepted,False,False,False,False,False,False,0.390625,0.390625,33,25,64,14,28000,42,24,150,,0.6666666666666666,1,110110,37223.5533,27,9,11.0,2,2,8,2,10,"[2, 9, 27, 30, 35, 44, 52, 54, 57, 60]",ok,,
"[0, 1, 2]",6,64,1,8,qasm,2000,shot_batch,3,learned,pairwise_ranking,none,False,False,False,False,False,False,0.421875,0.421875,35,27,64,14,28000,42,27,1428,,0.7407407407407407,1,110110,37223.5533,27,7,10.0,2,5,18,0,8,"[2, 9, 27, 30, 44, 52, 57, 60]",ok,,
"[0, 1, 2]",6,64,1,8,qasm,2000,shot_batch,3,learned,pairwise_ranking,accepted,,,,,,,,,,,,,,,,,,,,,,,,,,,,,,,skipped_resource_limit,resource_limit,'Number of qubits (30) in small_sample_gate_level_tau_4 is greater than maximum (29) in the coupling_map'
"[0, 1, 2]",6,64,1,8,qasm,2000,shot_batch,3,learned,rank_hinge,none,,,,,,,,,,,,,,,,,,,,,,,,,,,,,,,skipped_resource_limit,resource_limit,'Number of qubits (30) in small_sample_gate_level_tau_8 is greater than maximum (29) in the coupling_map'
"[0, 1, 2]",6,64,1,8,qasm,2000,shot_batch,3,learned,rank_hinge,accepted,,,,,,,,,,,,,,,,,,,,,,,,,,,,,,,skipped_resource_limit,resource_limit,'Number of qubits (30) in small_sample_gate_level_tau_8 is greater than maximum (29) in the coupling_map'
"[0, 1, 2]",6,64,2,8,qasm,2000,shot_batch,3,learned,mismatch,none,False,False,False,False,False,False,0.28125,0.28125,26,18,64,13,26000,39,20,484,,0.8888888888888888,1,111100,35285.778892,27,3,3.0,2,2,9,0,8,"[6, 7, 15, 18, 25, 28, 47, 50]",ok,,
"[0, 1, 2]",6,64,2,8,qasm,2000,shot_batch,3,learned,mismatch,accepted,False,False,False,False,False,False,0.296875,0.296875,27,19,64,13,26000,39,20,484,,0.8888888888888888,1,111100,35285.778892,27,3,3.0,2,2,9,1,9,"[6, 7, 15, 18, 25, 27, 28, 47, 50]",ok,,
"[0, 1, 2]",6,64,2,8,qasm,2000,shot_batch,3,learned,pairwise_ranking,none,False,False,False,False,False,False,0.28125,0.28125,26,18,64,13,26000,39,27,956,,0.8888888888888888,1,111100,35285.778892,27,3,3.0,2,5,19,0,8,"[6, 7, 15, 18, 25, 28, 47, 50]",ok,,
"[0, 1, 2]",6,64,2,8,qasm,2000,shot_batch,3,learned,pairwise_ranking,accepted,False,False,False,False,False,False,0.28125,0.28125,26,18,64,13,26000,39,27,961,,0.8888888888888888,1,111100,35285.778892,27,3,3.0,2,5,19,1,9,"[6, 7, 15, 18, 25, 27, 28, 47, 50]",ok,,
"[0, 1, 2]",6,64,2,8,qasm,2000,shot_batch,3,learned,rank_hinge,none,False,False,False,False,False,False,0.296875,0.296875,27,19,64,13,26000,39,17,493,,0.9629629629629629,2,111100,35285.778892,27,1,1.0,2,3,8,0,8,"[6, 7, 15, 18, 25, 28, 47, 50]",ok,,
"[0, 1, 2]",6,64,2,8,qasm,2000,shot_batch,3,learned,rank_hinge,accepted,False,False,False,False,False,False,0.296875,0.296875,27,19,64,13,26000,39,17,492,,0.9629629629629629,2,111100,35285.778892,27,1,1.0,2,3,8,1,9,"[6, 7, 15, 18, 25, 27, 28, 47, 50]",ok,,
"[0, 1, 2]",6,64,3,8,qasm,2000,shot_batch,3,learned,mismatch,none,False,False,True,True,True,True,0.5625,0.5625,44,36,64,18,36000,54,16,150,,0.35714285714285715,1,110100,35285.778892,28,18,27.0,2,1,6,0,8,"[5, 11, 14, 37, 46, 49, 54, 60]",ok,,
"[0, 1, 2]",6,64,3,8,qasm,2000,shot_batch,3,learned,mismatch,accepted,False,False,True,True,True,True,0.5625,0.5625,44,36,64,18,36000,54,16,150,,0.35714285714285715,1,110100,35285.778892,28,18,27.0,2,1,6,1,9,"[3, 5, 11, 14, 37, 46, 49, 54, 60]",ok,,
"[0, 1, 2]",6,64,3,8,qasm,2000,shot_batch,3,learned,pairwise_ranking,none,False,False,True,True,True,True,0.46875,0.46875,38,30,64,18,36000,54,27,1444,,0.5714285714285714,1,110100,35285.778892,28,12,27.0,2,5,14,0,8,"[5, 11, 14, 37, 46, 49, 54, 60]",ok,,
"[0, 1, 2]",6,64,3,8,qasm,2000,shot_batch,3,learned,pairwise_ranking,accepted,False,False,True,True,True,True,0.5,0.5,40,32,64,18,36000,54,27,1458,,0.5714285714285714,1,110100,35285.778892,28,12,27.0,2,5,14,1,9,"[3, 5, 11, 14, 37, 46, 49, 54, 60]",ok,,
"[0, 1, 2]",6,64,3,8,qasm,2000,shot_batch,3,learned,rank_hinge,none,False,False,False,False,False,False,0.46875,0.46875,38,30,64,17,34000,51,13,54,,0.4642857142857143,1,110100,35285.778892,28,15,15.0,2,2,3,0,8,"[5, 11, 14, 37, 46, 49, 54, 60]",ok,,
"[0, 1, 2]",6,64,3,8,qasm,2000,shot_batch,3,learned,rank_hinge,accepted,False,False,False,False,False,False,0.40625,0.40625,34,26,64,17,34000,51,20,511,,0.4642857142857143,1,110100,35285.778892,28,15,15.0,2,2,3,1,9,"[5, 11, 14, 37, 46, 49, 51, 54, 60]",ok,,
"[0, 1, 2]",6,64,4,8,qasm,2000,shot_batch,3,learned,mismatch,none,False,False,False,False,False,False,0.25,0.25,24,16,64,12,24000,36,20,964,,0.6923076923076923,1,111110,37223.5533,26,8,11.0,2,3,9,0,8,"[6, 31, 41, 52, 54, 57, 60, 61]",ok,,
"[0, 1, 2]",6,64,4,8,qasm,2000,shot_batch,3,learned,mismatch,accepted,False,False,False,False,False,False,0.25,0.25,24,16,64,12,24000,36,20,964,,0.6923076923076923,1,111110,37223.5533,26,8,11.0,2,3,9,0,8,"[6, 31, 41, 52, 54, 57, 60, 61]",ok,,
"[0, 1, 2]",6,64,4,8,qasm,2000,shot_batch,3,learned,pairwise_ranking,none,False,False,False,False,False,False,0.21875,0.21875,22,14,64,12,24000,36,27,1919,,0.6923076923076923,1,111110,37223.5533,26,8,11.0,2,5,17,0,8,"[6, 31, 41, 52, 54, 57, 60, 61]",ok,,
"[0, 1, 2]",6,64,4,8,qasm,2000,shot_batch,3,learned,pairwise_ranking,accepted,False,False,False,False,False,False,0.21875,0.21875,22,14,64,12,24000,36,27,1919,,0.6923076923076923,1,111110,37223.5533,26,8,11.0,2,5,17,0,8,"[6, 31, 41, 52, 54, 57, 60, 61]",ok,,
"[0, 1, 2]",6,64,4,8,qasm,2000,shot_batch,3,learned,rank_hinge,none,False,False,False,False,False,False,0.171875,0.171875,19,11,64,12,24000,36,17,1287,,0.8076923076923077,1,111110,37223.5533,26,5,6.0,2,2,5,0,8,"[6, 31, 41, 52, 54, 57, 60, 61]",ok,,
"[0, 1, 2]",6,64,4,8,qasm,2000,shot_batch,3,learned,rank_hinge,accepted,False,False,False,False,False,False,0.171875,0.171875,19,11,64,12,24000,36,17,1287,,0.8076923076923077,1,111110,37223.5533,26,5,6.0,2,2,5,0,8,"[6, 31, 41, 52, 54, 57, 60, 61]",ok,,
"[0, 1, 2]",6,64,0,16,qasm,2000,shot_batch,3,learned,mismatch,none,False,False,False,False,False,False,0.296875,0.296875,35,19,64,17,34000,51,24,738,,0.7457627118644068,1,111110,37223.5533,118,30,36.0,2,2,8,0,16,"[0, 2, 5, 10, 14, 17, 26, 31, 32, 38, 41, 46, 47, 54, 61, 62]",ok,,
"[0, 1, 2]",6,64,0,16,qasm,2000,shot_batch,3,learned,mismatch,accepted,False,False,False,False,False,False,0.40625,0.40625,42,26,64,17,34000,51,24,736,,0.7457627118644068,1,111110,37223.5533,118,30,36.0,2,2,8,2,17,"[0, 2, 5, 10, 14, 17, 19, 26, 31, 32, 38, 41, 46, 47, 54, 61, 62]",ok,,
"[0, 1, 2]",6,64,0,16,qasm,2000,shot_batch,3,learned,pairwise_ranking,none,,,,,,,,,,,,,,,,,,,,,,,,,,,,,,,skipped_resource_limit,resource_limit,'Number of qubits (33) in small_sample_gate_level_tau_4 is greater than maximum (29) in the coupling_map'
"[0, 1, 2]",6,64,0,16,qasm,2000,shot_batch,3,learned,pairwise_ranking,accepted,,,,,,,,,,,,,,,,,,,,,,,,,,,,,,,skipped_resource_limit,resource_limit,'Number of qubits (33) in small_sample_gate_level_tau_4 is greater than maximum (29) in the coupling_map'
"[0, 1, 2]",6,64,0,16,qasm,2000,shot_batch,3,learned,rank_hinge,none,,,,,,,,,,,,,,,,,,,,,,,,,,,,,,,skipped_resource_limit,resource_limit,'Number of qubits (33) in small_sample_gate_level_tau_4 is greater than maximum (29) in the coupling_map'
"[0, 1, 2]",6,64,0,16,qasm,2000,shot_batch,3,learned,rank_hinge,accepted,,,,,,,,,,,,,,,,,,,,,,,,,,,,,,,skipped_resource_limit,resource_limit,'Number of qubits (33) in small_sample_gate_level_tau_4 is greater than maximum (29) in the coupling_map'
"[0, 1, 2]",6,64,1,16,qasm,2000,shot_batch,3,learned,mismatch,none,False,False,False,False,False,False,0.359375,0.359375,39,23,64,16,32000,48,20,738,,0.6864406779661016,1,110011,33223.5533,118,37,51.0,2,2,7,0,16,"[1, 8, 14, 16, 17, 18, 23, 25, 26, 38, 45, 49, 51, 53, 61, 63]",ok,,
"[0, 1, 2]",6,64,1,16,qasm,2000,shot_batch,3,learned,mismatch,accepted,False,False,False,False,False,False,0.359375,0.359375,39,23,64,16,32000,48,20,730,,0.6864406779661016,1,110011,33223.5533,118,37,51.0,2,2,7,3,18,"[1, 8, 14, 16, 17, 18, 23, 25, 26, 35, 38, 45, 49, 51, 53, 54, 61, 63]",ok,,
"[0, 1, 2]",6,64,1,16,qasm,2000,shot_batch,3,learned,pairwise_ranking,none,,,,,,,,,,,,,,,,,,,,,,,,,,,,,,,skipped_resource_limit,resource_limit,'Number of qubits (30) in small_sample_gate_level_tau_9 is greater than maximum (29) in the coupling_map'
"[0, 1, 2]",6,64,1,16,qasm,2000,shot_batch,3,learned,pairwise_ranking,accepted,,,,,,,,,,,,,,,,,,,,,,,,,,,,,,,skipped_resource_limit,resource_limit,'Number of qubits (30) in small_sample_gate_level_tau_9 is greater than maximum (29) in the coupling_map'
"[0, 1, 2]",6,64,1,16,qasm,2000,shot_batch,3,learned,rank_hinge,none,,,,,,,,,,,,,,,,,,,,,,,,,,,,,,,skipped_resource_limit,resource_limit,'Number of qubits (30) in small_sample_gate_level_tau_9 is greater than maximum (29) in the coupling_map'
"[0, 1, 2]",6,64,1,16,qasm,2000,shot_batch,3,learned,rank_hinge,accepted,,,,,,,,,,,,,,,,,,,,,,,,,,,,,,,skipped_resource_limit,resource_limit,'Number of qubits (30) in small_sample_gate_level_tau_9 is greater than maximum (29) in the coupling_map'
"[0, 1, 2]",6,64,2,16,qasm,2000,shot_batch,3,learned,mismatch,none,False,False,False,False,False,False,0.40625,0.40625,42,26,64,19,38000,57,16,199,,0.5126050420168067,1,110010,33223.5533,119,58,90.0,2,1,6,0,16,"[4, 6, 12, 13, 16, 19, 22, 25, 35, 41, 43, 44, 48, 55, 60, 62]",ok,,
"[0, 1, 2]",6,64,2,16,qasm,2000,shot_batch,3,learned,mismatch,accepted,False,False,False,False,False,False,0.40625,0.40625,42,26,64,19,38000,57,16,199,,0.5126050420168067,1,110010,33223.5533,119,58,90.0,2,1,6,2,18,"[4, 6, 7, 12, 13, 16, 19, 22, 25, 27, 35, 41, 43, 44, 48, 55, 60, 62]",ok,,
"[0, 1, 2]",6,64,2,16,qasm,2000,shot_batch,3,learned,pairwise_ranking,none,,,,,,,,,,,,,,,,,,,,,,,,,,,,,,,skipped_resource_limit,resource_limit,'Number of qubits (30) in small_sample_gate_level_tau_12 is greater than maximum (29) in the coupling_map'
"[0, 1, 2]",6,64,2,16,qasm,2000,shot_batch,3,learned,pairwise_ranking,accepted,,,,,,,,,,,,,,,,,,,,,,,,,,,,,,,skipped_resource_limit,resource_limit,'Number of qubits (30) in small_sample_gate_level_tau_12 is greater than maximum (29) in the coupling_map'
"[0, 1, 2]",6,64,2,16,qasm,2000,shot_batch,3,learned,rank_hinge,none,,,,,,,,,,,,,,,,,,,,,,,,,,,,,,,skipped_resource_limit,resource_limit,'Number of qubits (30) in small_sample_gate_level_tau_9 is greater than maximum (29) in the coupling_map'
"[0, 1, 2]",6,64,2,16,qasm,2000,shot_batch,3,learned,rank_hinge,accepted,,,,,,,,,,,,,,,,,,,,,,,,,,,,,,,skipped_resource_limit,resource_limit,'Number of qubits (30) in small_sample_gate_level_tau_9 is greater than maximum (29) in the coupling_map'
"[0, 1, 2]",6,64,3,16,qasm,2000,shot_batch,3,learned,mismatch,none,False,False,True,True,True,True,0.59375,0.59375,54,38,64,35,70000,105,16,150,,0.4396551724137931,1,110100,35285.778892,116,65,109.0,2,1,6,0,16,"[2, 5, 6, 9, 10, 11, 13, 17, 20, 26, 30, 33, 38, 39, 43, 47]",ok,,
"[0, 1, 2]",6,64,3,16,qasm,2000,shot_batch,3,learned,mismatch,accepted,False,False,True,True,True,True,0.59375,0.59375,54,38,64,35,70000,105,16,150,,0.4396551724137931,1,110100,35285.778892,116,65,109.0,2,1,6,5,20,"[2, 3, 5, 6, 9, 10, 11, 13, 15, 17, 20, 26, 30, 33, 35, 38, 39, 43, 47, 63]",ok,,
"[0, 1, 2]",6,64,3,16,qasm,2000,shot_batch,3,learned,pairwise_ranking,none,,,,,,,,,,,,,,,,,,,,,,,,,,,,,,,skipped_resource_limit,resource_limit,'Number of qubits (30) in small_sample_gate_level_tau_6 is greater than maximum (29) in the coupling_map'
"[0, 1, 2]",6,64,3,16,qasm,2000,shot_batch,3,learned,pairwise_ranking,accepted,,,,,,,,,,,,,,,,,,,,,,,,,,,,,,,skipped_resource_limit,resource_limit,'Number of qubits (30) in small_sample_gate_level_tau_6 is greater than maximum (29) in the coupling_map'
"[0, 1, 2]",6,64,3,16,qasm,2000,shot_batch,3,learned,rank_hinge,none,False,False,False,False,False,False,0.21875,0.21875,30,14,64,6,12000,18,24,248,,0.7241379310344828,1,110100,35285.778892,116,32,47.0,2,6,14,0,16,"[2, 5, 6, 9, 10, 11, 13, 17, 20, 26, 30, 33, 38, 39, 43, 47]",ok,,
"[0, 1, 2]",6,64,3,16,qasm,2000,shot_batch,3,learned,rank_hinge,accepted,,,,,,,,,,,,,,,,,,,,,,,,,,,,,,,skipped_resource_limit,resource_limit,'Number of qubits (30) in small_sample_gate_level_tau_4 is greater than maximum (29) in the coupling_map'
"[0, 1, 2]",6,64,4,16,qasm,2000,shot_batch,3,learned,mismatch,none,False,False,False,False,False,False,0.375,0.375,40,24,64,18,36000,54,20,975,,0.5517241379310345,1,110001,33285.778892,116,52,79.0,2,2,7,0,16,"[5, 11, 17, 23, 26, 27, 35, 37, 38, 45, 47, 49, 52, 53, 57, 61]",ok,,
"[0, 1, 2]",6,64,4,16,qasm,2000,shot_batch,3,learned,mismatch,accepted,False,False,False,False,False,False,0.390625,0.390625,41,25,64,18,36000,54,20,248,,0.5517241379310345,1,110001,33285.778892,116,52,79.0,2,2,7,5,19,"[5, 11, 17, 19, 23, 26, 27, 33, 35, 37, 38, 45, 47, 49, 52, 53, 57, 61, 63]",ok,,
"[0, 1, 2]",6,64,4,16,qasm,2000,shot_batch,3,learned,pairwise_ranking,none,,,,,,,,,,,,,,,,,,,,,,,,,,,,,,,skipped_resource_limit,resource_limit,'Number of qubits (30) in small_sample_gate_level_tau_12 is greater than maximum (29) in the coupling_map'
"[0, 1, 2]",6,64,4,16,qasm,2000,shot_batch,3,learned,pairwise_ranking,accepted,,,,,,,,,,,,,,,,,,,,,,,,,,,,,,,skipped_resource_limit,resource_limit,'Number of qubits (30) in small_sample_gate_level_tau_12 is greater than maximum (29) in the coupling_map'
"[0, 1, 2]",6,64,4,16,qasm,2000,shot_batch,3,learned,rank_hinge,none,,,,,,,,,,,,,,,,,,,,,,,,,,,,,,,skipped_resource_limit,resource_limit,'Number of qubits (30) in small_sample_gate_level_tau_8 is greater than maximum (29) in the coupling_map'
"[0, 1, 2]",6,64,4,16,qasm,2000,shot_batch,3,learned,rank_hinge,accepted,,,,,,,,,,,,,,,,,,,,,,,,,,,,,,,skipped_resource_limit,resource_limit,'Number of qubits (30) in small_sample_gate_level_tau_8 is greater than maximum (29) in the coupling_map'
"[0, 2, 5]",6,64,0,4,qasm,2000,shot_batch,3,learned,mismatch,none,,,,,,,,,,,,,,,,,,,,,,,,,,,,,,,skipped_invalid_config,invalid_config,6q configs use train_sample_count 8 or 16
"[0, 2, 5]",6,64,0,4,qasm,2000,shot_batch,3,learned,mismatch,accepted,,,,,,,,,,,,,,,,,,,,,,,,,,,,,,,skipped_invalid_config,invalid_config,6q configs use train_sample_count 8 or 16
"[0, 2, 5]",6,64,0,4,qasm,2000,shot_batch,3,learned,pairwise_ranking,none,,,,,,,,,,,,,,,,,,,,,,,,,,,,,,,skipped_invalid_config,invalid_config,6q configs use train_sample_count 8 or 16
"[0, 2, 5]",6,64,0,4,qasm,2000,shot_batch,3,learned,pairwise_ranking,accepted,,,,,,,,,,,,,,,,,,,,,,,,,,,,,,,skipped_invalid_config,invalid_config,6q configs use train_sample_count 8 or 16
"[0, 2, 5]",6,64,0,4,qasm,2000,shot_batch,3,learned,rank_hinge,none,,,,,,,,,,,,,,,,,,,,,,,,,,,,,,,skipped_invalid_config,invalid_config,6q configs use train_sample_count 8 or 16
"[0, 2, 5]",6,64,0,4,qasm,2000,shot_batch,3,learned,rank_hinge,accepted,,,,,,,,,,,,,,,,,,,,,,,,,,,,,,,skipped_invalid_config,invalid_config,6q configs use train_sample_count 8 or 16
"[0, 2, 5]",6,64,1,4,qasm,2000,shot_batch,3,learned,mismatch,none,,,,,,,,,,,,,,,,,,,,,,,,,,,,,,,skipped_invalid_config,invalid_config,6q configs use train_sample_count 8 or 16
"[0, 2, 5]",6,64,1,4,qasm,2000,shot_batch,3,learned,mismatch,accepted,,,,,,,,,,,,,,,,,,,,,,,,,,,,,,,skipped_invalid_config,invalid_config,6q configs use train_sample_count 8 or 16
"[0, 2, 5]",6,64,1,4,qasm,2000,shot_batch,3,learned,pairwise_ranking,none,,,,,,,,,,,,,,,,,,,,,,,,,,,,,,,skipped_invalid_config,invalid_config,6q configs use train_sample_count 8 or 16
"[0, 2, 5]",6,64,1,4,qasm,2000,shot_batch,3,learned,pairwise_ranking,accepted,,,,,,,,,,,,,,,,,,,,,,,,,,,,,,,skipped_invalid_config,invalid_config,6q configs use train_sample_count 8 or 16
"[0, 2, 5]",6,64,1,4,qasm,2000,shot_batch,3,learned,rank_hinge,none,,,,,,,,,,,,,,,,,,,,,,,,,,,,,,,skipped_invalid_config,invalid_config,6q configs use train_sample_count 8 or 16
"[0, 2, 5]",6,64,1,4,qasm,2000,shot_batch,3,learned,rank_hinge,accepted,,,,,,,,,,,,,,,,,,,,,,,,,,,,,,,skipped_invalid_config,invalid_config,6q configs use train_sample_count 8 or 16
"[0, 2, 5]",6,64,2,4,qasm,2000,shot_batch,3,learned,mismatch,none,,,,,,,,,,,,,,,,,,,,,,,,,,,,,,,skipped_invalid_config,invalid_config,6q configs use train_sample_count 8 or 16
"[0, 2, 5]",6,64,2,4,qasm,2000,shot_batch,3,learned,mismatch,accepted,,,,,,,,,,,,,,,,,,,,,,,,,,,,,,,skipped_invalid_config,invalid_config,6q configs use train_sample_count 8 or 16
"[0, 2, 5]",6,64,2,4,qasm,2000,shot_batch,3,learned,pairwise_ranking,none,,,,,,,,,,,,,,,,,,,,,,,,,,,,,,,skipped_invalid_config,invalid_config,6q configs use train_sample_count 8 or 16
"[0, 2, 5]",6,64,2,4,qasm,2000,shot_batch,3,learned,pairwise_ranking,accepted,,,,,,,,,,,,,,,,,,,,,,,,,,,,,,,skipped_invalid_config,invalid_config,6q configs use train_sample_count 8 or 16
"[0, 2, 5]",6,64,2,4,qasm,2000,shot_batch,3,learned,rank_hinge,none,,,,,,,,,,,,,,,,,,,,,,,,,,,,,,,skipped_invalid_config,invalid_config,6q configs use train_sample_count 8 or 16
"[0, 2, 5]",6,64,2,4,qasm,2000,shot_batch,3,learned,rank_hinge,accepted,,,,,,,,,,,,,,,,,,,,,,,,,,,,,,,skipped_invalid_config,invalid_config,6q configs use train_sample_count 8 or 16
"[0, 2, 5]",6,64,3,4,qasm,2000,shot_batch,3,learned,mismatch,none,,,,,,,,,,,,,,,,,,,,,,,,,,,,,,,skipped_invalid_config,invalid_config,6q configs use train_sample_count 8 or 16
"[0, 2, 5]",6,64,3,4,qasm,2000,shot_batch,3,learned,mismatch,accepted,,,,,,,,,,,,,,,,,,,,,,,,,,,,,,,skipped_invalid_config,invalid_config,6q configs use train_sample_count 8 or 16
"[0, 2, 5]",6,64,3,4,qasm,2000,shot_batch,3,learned,pairwise_ranking,none,,,,,,,,,,,,,,,,,,,,,,,,,,,,,,,skipped_invalid_config,invalid_config,6q configs use train_sample_count 8 or 16
"[0, 2, 5]",6,64,3,4,qasm,2000,shot_batch,3,learned,pairwise_ranking,accepted,,,,,,,,,,,,,,,,,,,,,,,,,,,,,,,skipped_invalid_config,invalid_config,6q configs use train_sample_count 8 or 16
"[0, 2, 5]",6,64,3,4,qasm,2000,shot_batch,3,learned,rank_hinge,none,,,,,,,,,,,,,,,,,,,,,,,,,,,,,,,skipped_invalid_config,invalid_config,6q configs use train_sample_count 8 or 16
"[0, 2, 5]",6,64,3,4,qasm,2000,shot_batch,3,learned,rank_hinge,accepted,,,,,,,,,,,,,,,,,,,,,,,,,,,,,,,skipped_invalid_config,invalid_config,6q configs use train_sample_count 8 or 16
"[0, 2, 5]",6,64,4,4,qasm,2000,shot_batch,3,learned,mismatch,none,,,,,,,,,,,,,,,,,,,,,,,,,,,,,,,skipped_invalid_config,invalid_config,6q configs use train_sample_count 8 or 16
"[0, 2, 5]",6,64,4,4,qasm,2000,shot_batch,3,learned,mismatch,accepted,,,,,,,,,,,,,,,,,,,,,,,,,,,,,,,skipped_invalid_config,invalid_config,6q configs use train_sample_count 8 or 16
"[0, 2, 5]",6,64,4,4,qasm,2000,shot_batch,3,learned,pairwise_ranking,none,,,,,,,,,,,,,,,,,,,,,,,,,,,,,,,skipped_invalid_config,invalid_config,6q configs use train_sample_count 8 or 16
"[0, 2, 5]",6,64,4,4,qasm,2000,shot_batch,3,learned,pairwise_ranking,accepted,,,,,,,,,,,,,,,,,,,,,,,,,,,,,,,skipped_invalid_config,invalid_config,6q configs use train_sample_count 8 or 16
"[0, 2, 5]",6,64,4,4,qasm,2000,shot_batch,3,learned,rank_hinge,none,,,,,,,,,,,,,,,,,,,,,,,,,,,,,,,skipped_invalid_config,invalid_config,6q configs use train_sample_count 8 or 16
"[0, 2, 5]",6,64,4,4,qasm,2000,shot_batch,3,learned,rank_hinge,accepted,,,,,,,,,,,,,,,,,,,,,,,,,,,,,,,skipped_invalid_config,invalid_config,6q configs use train_sample_count 8 or 16
"[0, 2, 5]",6,64,0,8,qasm,2000,shot_batch,3,learned,mismatch,none,False,False,True,True,True,True,0.640625,0.640625,49,41,64,27,54000,81,16,101,,0.35714285714285715,1,110010,29235.397539314705,28,18,25.0,2,1,6,0,8,"[1, 2, 5, 16, 19, 30, 37, 48]",ok,,
"[0, 2, 5]",6,64,0,8,qasm,2000,shot_batch,3,learned,mismatch,accepted,False,False,True,True,True,True,0.703125,0.703125,53,45,64,37,74000,111,20,736,,0.35714285714285715,1,110010,29235.397539314705,28,18,25.0,2,1,6,5,13,"[1, 2, 3, 5, 7, 11, 14, 15, 16, 19, 30, 37, 48]",ok,,
"[0, 2, 5]",6,64,0,8,qasm,2000,shot_batch,3,learned,pairwise_ranking,none,False,False,True,True,True,True,0.65625,0.65625,50,42,64,36,72000,108,27,1426,,0.5357142857142857,1,110010,29235.397539314705,28,13,29.0,2,4,15,0,8,"[1, 2, 5, 16, 19, 30, 37, 48]",ok,,
"[0, 2, 5]",6,64,0,8,qasm,2000,shot_batch,3,learned,pairwise_ranking,accepted,False,False,False,False,False,False,0.3125,0.3125,28,20,64,13,26000,39,27,1452,,0.5357142857142857,1,110010,29235.397539314705,28,13,29.0,2,4,15,1,9,"[1, 2, 5, 14, 16, 19, 30, 37, 48]",ok,,
"[0, 2, 5]",6,64,0,8,qasm,2000,shot_batch,3,learned,rank_hinge,none,False,False,False,False,False,False,0.578125,0.578125,45,37,64,32,64000,96,17,655,,0.6428571428571429,1,110010,29235.397539314705,28,10,14.0,2,4,7,0,8,"[1, 2, 5, 16, 19, 30, 37, 48]",ok,,
"[0, 2, 5]",6,64,0,8,qasm,2000,shot_batch,3,learned,rank_hinge,accepted,False,False,False,False,False,False,0.25,0.25,24,16,64,13,26000,39,17,120,,0.6428571428571429,1,110010,29235.397539314705,28,10,14.0,2,4,7,1,9,"[1, 2, 5, 14, 16, 19, 30, 37, 48]",ok,,
"[0, 2, 5]",6,64,1,8,qasm,2000,shot_batch,3,learned,mismatch,none,False,False,False,False,False,False,0.546875,0.546875,43,35,64,20,40000,60,20,494,,0.6428571428571429,1,100100,28471.911164,28,10,14.0,2,2,7,0,8,"[2, 9, 27, 30, 44, 52, 57, 60]",ok,,
"[0, 2, 5]",6,64,1,8,qasm,2000,shot_batch,3,learned,mismatch,accepted,False,False,False,False,False,False,0.5,0.5,40,32,64,18,36000,54,20,249,,0.6428571428571429,1,100100,28471.911164,28,10,14.0,2,2,7,3,11,"[2, 7, 9, 27, 30, 31, 44, 45, 52, 57, 60]",ok,,
"[0, 2, 5]",6,64,1,8,qasm,2000,shot_batch,3,learned,pairwise_ranking,none,False,False,False,False,False,False,0.5,0.5,40,32,64,23,46000,69,27,1459,,0.7142857142857143,1,100100,28471.911164,28,8,20.0,2,5,16,0,8,"[2, 9, 27, 30, 44, 52, 57, 60]",ok,,
"[0, 2, 5]",6,64,1,8,qasm,2000,shot_batch,3,learned,pairwise_ranking,accepted,,,,,,,,,,,,,,,,,,,,,,,,,,,,,,,skipped_resource_limit,resource_limit,'Number of qubits (30) in small_sample_gate_level_tau_0 is greater than maximum (29) in the coupling_map'
"[0, 2, 5]",6,64,1,8,qasm,2000,shot_batch,3,learned,rank_hinge,none,False,False,False,False,False,False,0.390625,0.390625,33,25,64,23,46000,69,27,2112,,0.8571428571428571,1,100100,28471.911164,28,4,5.0,2,4,13,0,8,"[2, 9, 27, 30, 44, 52, 57, 60]",ok,,
"[0, 2, 5]",6,64,1,8,qasm,2000,shot_batch,3,learned,rank_hinge,accepted,False,False,False,False,False,False,0.3125,0.3125,28,20,64,11,22000,33,27,702,,0.8571428571428571,1,100100,28471.911164,28,4,5.0,2,4,13,2,10,"[2, 9, 11, 12, 27, 30, 44, 52, 57, 60]",ok,,
"[0, 2, 5]",6,64,2,8,qasm,2000,shot_batch,3,learned,mismatch,none,False,False,False,False,False,False,0.421875,0.421875,35,27,64,19,38000,57,24,972,,0.8214285714285714,1,111100,24578.2152604,28,5,9.0,2,2,11,0,8,"[6, 7, 15, 18, 25, 28, 47, 50]",ok,,
"[0, 2, 5]",6,64,2,8,qasm,2000,shot_batch,3,learned,mismatch,accepted,False,False,False,False,False,False,0.375,0.375,32,24,64,15,30000,45,24,489,,0.8214285714285714,1,111100,24578.2152604,28,5,9.0,2,2,11,2,10,"[6, 7, 13, 15, 18, 25, 27, 28, 47, 50]",ok,,
"[0, 2, 5]",6,64,2,8,qasm,2000,shot_batch,3,learned,pairwise_ranking,none,,,,,,,,,,,,,,,,,,,,,,,,,,,,,,,skipped_resource_limit,resource_limit,'Number of qubits (30) in small_sample_gate_level_tau_13 is greater than maximum (29) in the coupling_map'
"[0, 2, 5]",6,64,2,8,qasm,2000,shot_batch,3,learned,pairwise_ranking,accepted,,,,,,,,,,,,,,,,,,,,,,,,,,,,,,,skipped_resource_limit,resource_limit,'Number of qubits (30) in small_sample_gate_level_tau_13 is greater than maximum (29) in the coupling_map'
"[0, 2, 5]",6,64,2,8,qasm,2000,shot_batch,3,learned,rank_hinge,none,False,False,False,False,False,False,0.453125,0.453125,37,29,64,15,30000,45,20,1565,,0.9285714285714286,1,111100,24578.2152604,28,2,3.0,2,3,11,0,8,"[6, 7, 15, 18, 25, 28, 47, 50]",ok,,
"[0, 2, 5]",6,64,2,8,qasm,2000,shot_batch,3,learned,rank_hinge,accepted,False,False,False,False,False,False,0.390625,0.390625,33,25,64,15,30000,45,27,1565,,0.9285714285714286,1,111100,24578.2152604,28,2,3.0,2,3,11,2,10,"[6, 7, 13, 15, 18, 25, 27, 28, 47, 50]",ok,,
"[0, 2, 5]",6,64,3,8,qasm,2000,shot_batch,3,learned,mismatch,none,False,False,True,True,True,True,0.421875,0.421875,35,27,64,18,36000,54,20,730,,0.6428571428571429,1,110100,25022.74363475294,28,10,23.0,2,2,8,0,8,"[5, 11, 14, 37, 46, 49, 54, 60]",ok,,
"[0, 2, 5]",6,64,3,8,qasm,2000,shot_batch,3,learned,mismatch,accepted,False,False,True,True,True,True,0.515625,0.515625,41,33,64,18,36000,54,20,736,,0.6428571428571429,1,110100,25022.74363475294,28,10,23.0,2,2,8,1,9,"[3, 5, 11, 14, 37, 46, 49, 54, 60]",ok,,
"[0, 2, 5]",6,64,3,8,qasm,2000,shot_batch,3,learned,pairwise_ranking,none,,,,,,,,,,,,,,,,,,,,,,,,,,,,,,,skipped_resource_limit,resource_limit,'Number of qubits (30) in small_sample_gate_level_tau_0 is greater than maximum (29) in the coupling_map'
"[0, 2, 5]",6,64,3,8,qasm,2000,shot_batch,3,learned,pairwise_ranking,accepted,,,,,,,,,,,,,,,,,,,,,,,,,,,,,,,skipped_resource_limit,resource_limit,'Number of qubits (30) in small_sample_gate_level_tau_0 is greater than maximum (29) in the coupling_map'
"[0, 2, 5]",6,64,3,8,qasm,2000,shot_batch,3,learned,rank_hinge,none,False,False,False,False,False,False,0.0,0.0,8,0,64,0,0,0,0,0,,0.6785714285714286,1,110100,25022.74363475294,28,9,11.0,2,3,15,0,8,"[5, 11, 14, 37, 46, 49, 54, 60]",ok,,
"[0, 2, 5]",6,64,3,8,qasm,2000,shot_batch,3,learned,rank_hinge,accepted,False,False,False,False,False,False,0.0,0.0,8,0,64,0,0,0,0,0,,0.6785714285714286,1,110100,25022.74363475294,28,9,11.0,2,3,15,0,8,"[5, 11, 14, 37, 46, 49, 54, 60]",ok,,
"[0, 2, 5]",6,64,4,8,qasm,2000,shot_batch,3,learned,mismatch,none,False,False,False,False,False,False,0.234375,0.234375,23,15,64,12,24000,36,24,968,,0.5,1,011000,28531.629464961763,28,14,27.0,2,3,10,0,8,"[6, 31, 41, 52, 54, 57, 60, 61]",ok,,
"[0, 2, 5]",6,64,4,8,qasm,2000,shot_batch,3,learned,mismatch,accepted,False,False,False,False,False,False,0.234375,0.234375,23,15,64,12,24000,36,24,968,,0.5,1,011000,28531.629464961763,28,14,27.0,2,3,10,0,8,"[6, 31, 41, 52, 54, 57, 60, 61]",ok,,
"[0, 2, 5]",6,64,4,8,qasm,2000,shot_batch,3,learned,pairwise_ranking,none,,,,,,,,,,,,,,,,,,,,,,,,,,,,,,,skipped_resource_limit,resource_limit,'Number of qubits (30) in small_sample_gate_level_tau_4 is greater than maximum (29) in the coupling_map'
"[0, 2, 5]",6,64,4,8,qasm,2000,shot_batch,3,learned,pairwise_ranking,accepted,,,,,,,,,,,,,,,,,,,,,,,,,,,,,,,skipped_resource_limit,resource_limit,'Number of qubits (30) in small_sample_gate_level_tau_4 is greater than maximum (29) in the coupling_map'
"[0, 2, 5]",6,64,4,8,qasm,2000,shot_batch,3,learned,rank_hinge,none,False,False,False,False,False,False,0.296875,0.296875,27,19,64,12,24000,36,17,1007,,0.75,1,011000,28531.629464961763,28,7,8.0,2,3,5,0,8,"[6, 31, 41, 52, 54, 57, 60, 61]",ok,,
"[0, 2, 5]",6,64,4,8,qasm,2000,shot_batch,3,learned,rank_hinge,accepted,False,False,False,False,False,False,0.296875,0.296875,27,19,64,12,24000,36,17,1007,,0.75,1,011000,28531.629464961763,28,7,8.0,2,3,5,0,8,"[6, 31, 41, 52, 54, 57, 60, 61]",ok,,
"[0, 2, 5]",6,64,0,16,qasm,2000,shot_batch,3,learned,mismatch,none,False,False,False,False,False,False,0.296875,0.296875,35,19,64,13,26000,39,24,744,,0.5677966101694916,1,011100,28212.01718604706,118,51,84.0,2,2,8,0,16,"[0, 2, 5, 10, 14, 17, 26, 31, 32, 38, 41, 46, 47, 54, 61, 62]",ok,,
"[0, 2, 5]",6,64,0,16,qasm,2000,shot_batch,3,learned,mismatch,accepted,False,False,False,False,False,False,0.296875,0.296875,35,19,64,13,26000,39,24,744,,0.5677966101694916,1,011100,28212.01718604706,118,51,84.0,2,2,8,1,16,"[0, 2, 5, 10, 14, 17, 26, 31, 32, 38, 41, 46, 47, 54, 61, 62]",ok,,
"[0, 2, 5]",6,64,0,16,qasm,2000,shot_batch,3,learned,pairwise_ranking,none,,,,,,,,,,,,,,,,,,,,,,,,,,,,,,,skipped_resource_limit,resource_limit,'Number of qubits (30) in small_sample_gate_level_tau_0 is greater than maximum (29) in the coupling_map'
"[0, 2, 5]",6,64,0,16,qasm,2000,shot_batch,3,learned,pairwise_ranking,accepted,,,,,,,,,,,,,,,,,,,,,,,,,,,,,,,skipped_resource_limit,resource_limit,'Number of qubits (30) in small_sample_gate_level_tau_0 is greater than maximum (29) in the coupling_map'
"[0, 2, 5]",6,64,0,16,qasm,2000,shot_batch,3,learned,rank_hinge,none,,,,,,,,,,,,,,,,,,,,,,,,,,,,,,,skipped_resource_limit,resource_limit,'Number of qubits (30) in small_sample_gate_level_tau_1 is greater than maximum (29) in the coupling_map'
"[0, 2, 5]",6,64,0,16,qasm,2000,shot_batch,3,learned,rank_hinge,accepted,,,,,,,,,,,,,,,,,,,,,,,,,,,,,,,skipped_resource_limit,resource_limit,'Number of qubits (30) in small_sample_gate_level_tau_1 is greater than maximum (29) in the coupling_map'
"[0, 2, 5]",6,64,1,16,qasm,2000,shot_batch,3,learned,mismatch,none,False,False,False,False,False,False,0.46875,0.46875,46,30,64,23,46000,69,24,721,,0.475,1,011100,28212.01718604706,120,63,103.0,2,2,8,0,16,"[1, 8, 14, 16, 17, 18, 23, 25, 26, 38, 45, 49, 51, 53, 61, 63]",ok,,
"[0, 2, 5]",6,64,1,16,qasm,2000,shot_batch,3,learned,mismatch,accepted,False,False,False,False,False,False,0.453125,0.453125,45,29,64,19,38000,57,24,492,,0.475,1,011100,28212.01718604706,120,63,103.0,2,2,8,2,18,"[1, 8, 14, 15, 16, 17, 18, 19, 23, 25, 26, 38, 45, 49, 51, 53, 61, 63]",ok,,
"[0, 2, 5]",6,64,1,16,qasm,2000,shot_batch,3,learned,pairwise_ranking,none,False,False,False,False,False,False,0.484375,0.484375,47,31,64,24,48000,72,27,1434,,0.6916666666666667,1,011100,28212.01718604706,120,37,97.0,2,7,18,0,16,"[1, 8, 14, 16, 17, 18, 23, 25, 26, 38, 45, 49, 51, 53, 61, 63]",ok,,
"[0, 2, 5]",6,64,1,16,qasm,2000,shot_batch,3,learned,pairwise_ranking,accepted,,,,,,,,,,,,,,,,,,,,,,,,,,,,,,,skipped_resource_limit,resource_limit,'Number of qubits (33) in small_sample_gate_level_tau_0 is greater than maximum (29) in the coupling_map'
"[0, 2, 5]",6,64,1,16,qasm,2000,shot_batch,3,learned,rank_hinge,none,,,,,,,,,,,,,,,,,,,,,,,,,,,,,,,skipped_resource_limit,resource_limit,'Number of qubits (30) in small_sample_gate_level_tau_4 is greater than maximum (29) in the coupling_map'
"[0, 2, 5]",6,64,1,16,qasm,2000,shot_batch,3,learned,rank_hinge,accepted,,,,,,,,,,,,,,,,,,,,,,,,,,,,,,,skipped_resource_limit,resource_limit,'Number of qubits (30) in small_sample_gate_level_tau_4 is greater than maximum (29) in the coupling_map'
"[0, 2, 5]",6,64,2,16,qasm,2000,shot_batch,3,learned,mismatch,none,False,False,True,True,True,True,0.53125,0.53125,50,34,64,29,58000,87,16,167,,0.45,1,101100,27956.61606872647,120,66,105.0,2,1,6,0,16,"[4, 6, 12, 13, 16, 19, 22, 25, 35, 41, 43, 44, 48, 55, 60, 62]",ok,,
"[0, 2, 5]",6,64,2,16,qasm,2000,shot_batch,3,learned,mismatch,accepted,False,False,True,True,True,True,0.53125,0.53125,50,34,64,29,58000,87,16,199,,0.45,1,101100,27956.61606872647,120,66,105.0,2,1,6,4,19,"[3, 4, 6, 12, 13, 15, 16, 19, 22, 25, 27, 35, 41, 43, 44, 48, 55, 60, 62]",ok,,
"[0, 2, 5]",6,64,2,16,qasm,2000,shot_batch,3,learned,pairwise_ranking,none,,,,,,,,,,,,,,,,,,,,,,,,,,,,,,,skipped_resource_limit,resource_limit,'Number of qubits (30) in small_sample_gate_level_tau_11 is greater than maximum (29) in the coupling_map'
"[0, 2, 5]",6,64,2,16,qasm,2000,shot_batch,3,learned,pairwise_ranking,accepted,,,,,,,,,,,,,,,,,,,,,,,,,,,,,,,skipped_resource_limit,resource_limit,'Number of qubits (30) in small_sample_gate_level_tau_11 is greater than maximum (29) in the coupling_map'
"[0, 2, 5]",6,64,2,16,qasm,2000,shot_batch,3,learned,rank_hinge,none,,,,,,,,,,,,,,,,,,,,,,,,,,,,,,,skipped_resource_limit,resource_limit,'Number of qubits (30) in small_sample_gate_level_tau_12 is greater than maximum (29) in the coupling_map'
"[0, 2, 5]",6,64,2,16,qasm,2000,shot_batch,3,learned,rank_hinge,accepted,,,,,,,,,,,,,,,,,,,,,,,,,,,,,,,skipped_resource_limit,resource_limit,'Number of qubits (30) in small_sample_gate_level_tau_12 is greater than maximum (29) in the coupling_map'
"[0, 2, 5]",6,64,3,16,qasm,2000,shot_batch,3,learned,mismatch,none,False,False,True,True,True,True,0.421875,0.421875,43,27,64,16,32000,48,16,101,,0.48333333333333334,1,110100,25022.74363475294,120,62,97.0,2,1,6,0,16,"[2, 5, 6, 9, 10, 11, 13, 17, 20, 26, 30, 33, 38, 39, 43, 47]",ok,,
"[0, 2, 5]",6,64,3,16,qasm,2000,shot_batch,3,learned,mismatch,accepted,False,False,True,True,True,True,0.40625,0.40625,42,26,64,16,32000,48,16,101,,0.48333333333333334,1,110100,25022.74363475294,120,62,97.0,2,1,6,2,17,"[2, 3, 5, 6, 9, 10, 11, 13, 17, 20, 26, 30, 33, 38, 39, 43, 47]",ok,,
"[0, 2, 5]",6,64,3,16,qasm,2000,shot_batch,3,learned,pairwise_ranking,none,,,,,,,,,,,,,,,,,,,,,,,,,,,,,,,skipped_resource_limit,resource_limit,'Number of qubits (30) in small_sample_gate_level_tau_13 is greater than maximum (29) in the coupling_map'
"[0, 2, 5]",6,64,3,16,qasm,2000,shot_batch,3,learned,pairwise_ranking,accepted,,,,,,,,,,,,,,,,,,,,,,,,,,,,,,,skipped_resource_limit,resource_limit,'Number of qubits (30) in small_sample_gate_level_tau_13 is greater than maximum (29) in the coupling_map'
"[0, 2, 5]",6,64,3,16,qasm,2000,shot_batch,3,learned,rank_hinge,none,False,False,True,True,True,True,0.40625,0.40625,42,26,64,16,32000,48,27,1401,,0.6666666666666666,1,110100,25022.74363475294,120,40,63.0,2,5,14,0,16,"[2, 5, 6, 9, 10, 11, 13, 17, 20, 26, 30, 33, 38, 39, 43, 47]",ok,,
"[0, 2, 5]",6,64,3,16,qasm,2000,shot_batch,3,learned,rank_hinge,accepted,False,False,True,True,True,True,0.125,0.125,24,8,64,4,8000,12,27,2,,0.6666666666666666,1,110100,25022.74363475294,120,40,63.0,2,5,14,2,17,"[2, 3, 5, 6, 9, 10, 11, 13, 17, 20, 26, 30, 33, 38, 39, 43, 47]",ok,,
"[0, 2, 5]",6,64,4,16,qasm,2000,shot_batch,3,learned,mismatch,none,False,False,False,False,False,False,0.609375,0.609375,55,39,64,41,82000,123,20,736,,0.6583333333333333,1,110100,25022.74363475294,120,41,61.0,2,2,7,0,16,"[5, 11, 17, 23, 26, 27, 35, 37, 38, 45, 47, 49, 52, 53, 57, 61]",ok,,
"[0, 2, 5]",6,64,4,16,qasm,2000,shot_batch,3,learned,mismatch,accepted,False,False,False,False,False,False,0.609375,0.609375,55,39,64,41,82000,123,20,736,,0.6583333333333333,1,110100,25022.74363475294,120,41,61.0,2,2,7,5,19,"[5, 7, 11, 15, 17, 19, 23, 26, 27, 35, 37, 38, 45, 47, 49, 52, 53, 57, 61]",ok,,
"[0, 2, 5]",6,64,4,16,qasm,2000,shot_batch,3,learned,pairwise_ranking,none,,,,,,,,,,,,,,,,,,,,,,,,,,,,,,,skipped_resource_limit,resource_limit,'Number of qubits (30) in small_sample_gate_level_tau_8 is greater than maximum (29) in the coupling_map'
"[0, 2, 5]",6,64,4,16,qasm,2000,shot_batch,3,learned,pairwise_ranking,accepted,,,,,,,,,,,,,,,,,,,,,,,,,,,,,,,skipped_resource_limit,resource_limit,'Number of qubits (30) in small_sample_gate_level_tau_8 is greater than maximum (29) in the coupling_map'
"[0, 2, 5]",6,64,4,16,qasm,2000,shot_batch,3,learned,rank_hinge,none,,,,,,,,,,,,,,,,,,,,,,,,,,,,,,,skipped_resource_limit,resource_limit,'Number of qubits (30) in small_sample_gate_level_tau_8 is greater than maximum (29) in the coupling_map'
"[0, 2, 5]",6,64,4,16,qasm,2000,shot_batch,3,learned,rank_hinge,accepted,,,,,,,,,,,,,,,,,,,,,,,,,,,,,,,skipped_resource_limit,resource_limit,'Number of qubits (30) in small_sample_gate_level_tau_8 is greater than maximum (29) in the coupling_map'
